update,global_step,pool_size,episodes,reward_agent_0,reward_agent_1,agreement_rate,disagreement_rate,timeout_rate,rounds_to_agreement,gini,episodes_vs_self,reward_agent_0_vs_self,reward_agent_1_vs_self,agreement_rate_vs_self,disagreement_rate_vs_self,timeout_rate_vs_self,rounds_to_agreement_vs_self,gini_vs_self,episodes_vs_past,reward_agent_0_vs_past,reward_agent_1_vs_past,agreement_rate_vs_past,disagreement_rate_vs_past,timeout_rate_vs_past,rounds_to_agreement_vs_past,gini_vs_past,policy_loss_agent_0,value_loss_agent_0,entropy_agent_0,approx_kl_agent_0,policy_loss_agent_1,value_loss_agent_1,entropy_agent_1,approx_kl_agent_1,ent_coef,sps
1,4163,0,1436,56.46305048412804,57.34844815303562,0.9338440111420613,0.06615598885793872,0.0,1.750186428038777,0.1972184936614467,1436,56.46305048412804,57.34844815303562,0.9338440111420613,0.06615598885793872,0.0,1.750186428038777,0.1972184936614467,0,nan,nan,nan,nan,nan,nan,nan,-0.030186373724966076,0.08596092271618545,0.36955985613167286,0.010162323449938527,-0.03190077819062542,0.0901090589351952,0.36998235285282133,0.01009171884829243,0.02,1029.1498994979524
2,8323,0,1530,57.89882058843847,57.32079424844284,0.9712418300653595,0.02875816993464052,0.0,1.6514131897711979,0.20181695827725435,1530,57.89882058843847,57.32079424844284,0.9712418300653595,0.02875816993464052,0.0,1.6514131897711979,0.20181695827725435,0,nan,nan,nan,nan,nan,nan,nan,-0.03981244489894841,0.04590352987870574,0.2999822452664375,0.015615802470429685,-0.036346380468437224,0.04864315115846694,0.3080619089305401,0.013727297694606478,0.0195837,1033.585165391369
3,12483,0,1568,63.68510611724386,60.65083733537442,0.9853316326530612,0.014668367346938776,0.0,1.6181229773462784,0.2003948220064725,1568,63.68510611724386,60.65083733537442,0.9853316326530612,0.014668367346938776,0.0,1.6181229773462784,0.2003948220064725,0,nan,nan,nan,nan,nan,nan,nan,-0.049590876982548514,0.04049952533096075,0.22776819337159396,0.014482121817204074,-0.04837441954508046,0.03835153765976429,0.2464910451322794,0.013084972536535133,0.0191677,1054.577430943881
4,16654,0,1543,61.84818835766425,56.97471772064842,0.9708360337005832,0.02916396629941672,0.0,1.6341789052069426,0.20688251001335115,1543,61.84818835766425,56.97471772064842,0.9708360337005832,0.02916396629941672,0.0,1.6341789052069426,0.20688251001335115,0,nan,nan,nan,nan,nan,nan,nan,-0.05891281570817055,0.04132320594508201,0.1622901601716876,0.015888951623941237,-0.05162851499864585,0.044036435429006815,0.19134307373315096,0.014222610167462336,0.0187517,1028.703716075405
5,20822,0,1430,57.939042374423906,57.51307223579636,0.9566433566433566,0.043356643356643354,0.0,1.8201754385964912,0.206827485380117,1430,57.939042374423906,57.51307223579636,0.9566433566433566,0.043356643356643354,0.0,1.8201754385964912,0.206827485380117,0,nan,nan,nan,nan,nan,nan,nan,-0.045336339417922186,0.04231337388046086,0.09918051683343947,0.014217285447548989,-0.051161043936889125,0.045348682114854454,0.10221862671896816,0.016681966505251465,0.0183346,1029.2202386268214
6,25000,0,1371,57.1130454048289,57.4042542055011,0.9708242159008024,0.029175784099197667,0.0,1.9887302779864764,0.18205860255447032,1371,57.1130454048289,57.4042542055011,0.9708242159008024,0.029175784099197667,0.0,1.9887302779864764,0.18205860255447032,0,nan,nan,nan,nan,nan,nan,nan,-0.04640326537976789,0.037557384092360736,0.0005500600137565925,0.01832998888657764,-0.037534963057132484,0.0359405045164749,0.010550910608162666,0.013003356823205081,0.0179178,1049.42185500357
7,29177,0,1244,55.60677630657744,54.664314282438035,0.930064308681672,0.06993569131832797,0.0,2.234226447709594,0.16646499567847883,1244,55.60677630657744,54.664314282438035,0.930064308681672,0.06993569131832797,0.0,2.234226447709594,0.16646499567847883,0,nan,nan,nan,nan,nan,nan,nan,-0.021438299191248754,0.04218032718636096,-0.07376459364168113,0.009142679318813407,-0.02678526677852009,0.033180167665705085,-0.07944622471331968,0.009993275382657884,0.0175,1052.0340431472748
8,33349,0,1172,54.08282243010137,55.0992567435471,0.9453924914675768,0.05460750853242321,0.0,2.476534296028881,0.15755415162454875,1172,54.08282243010137,55.0992567435471,0.9453924914675768,0.05460750853242321,0.0,2.476534296028881,0.15755415162454875,0,nan,nan,nan,nan,nan,nan,nan,-0.01863700132332362,0.037517662975005805,-0.12944397972896696,0.006234949500321818,-0.02347782730979559,0.02986748677212745,-0.14498996250331403,0.008124104561284184,0.0170823,1051.5157367561142
9,37524,0,1106,51.56187174058316,53.28137010742266,0.9412296564195298,0.05877034358047016,0.0,2.698366954851105,0.1497502401536984,1106,51.56187174058316,53.28137010742266,0.9412296564195298,0.05877034358047016,0.0,2.698366954851105,0.1497502401536984,0,nan,nan,nan,nan,nan,nan,nan,-0.01541134743047547,0.0308708262629807,-0.18565738424658776,0.005058260199712094,-0.016979811851254883,0.027004748629406095,-0.18802443630993365,0.005650377824986208,0.016665100000000002,1069.93786084139
10,41712,0,1087,54.74308997580478,54.14431914723833,0.9622815087396505,0.03771849126034959,0.0,2.8078393881453154,0.14792543021032506,1087,54.74308997580478,54.14431914723833,0.9622815087396505,0.03771849126034959,0.0,2.8078393881453154,0.14792543021032506,0,nan,nan,nan,nan,nan,nan,nan,-0.011736652037951179,0.02517235092818737,-0.2326387494802475,0.003793091131268511,-0.0167465032260824,0.024351354129612444,-0.26237267777323725,0.004910281514094094,0.0162476,1085.7524197663097
11,45903,2,1074,56.41437207350593,52.85434052140664,0.9581005586592178,0.04189944134078212,0.0,2.8542274052478134,0.14511175898931,524,53.324812410567326,54.273111646378624,0.9561068702290076,0.04389312977099236,0.0,2.842315369261477,0.14303393213572854,550,59.45799032881721,51.54664756280257,0.96,0.04,0.0,2.865530303030303,0.14708333333333332,-0.01670439674494457,0.023323904839344323,-0.25393545590341093,0.006903691608340523,-0.018334720116989556,0.02089960399316624,-0.28694976437836883,0.006695072488764708,0.0158288,1066.1673312752673
12,50077,2,1045,55.74540434149283,55.220160782115805,0.9588516746411483,0.04114832535885168,0.0,2.9510978043912175,0.1534930139720559,514,54.605243231471874,54.398900592165845,0.9649805447470817,0.03501945525291829,0.0,2.9858870967741935,0.15431451612903224,531,56.82222316762372,56.03512779053357,0.9529190207156308,0.047080979284369114,0.0,2.91699604743083,0.15268774703557314,-0.016127017804988077,0.019637578551191838,-0.2816256107762456,0.0045242248456361265,-0.014026043483099437,0.022664056462235748,-0.29446787424385545,0.009886762302267016,0.0154097,1071.701227818393
13,54250,2,1028,55.640858251132336,54.86321627147787,0.9688715953307393,0.0311284046692607,0.0,3.0291164658634537,0.1538253012048193,517,56.45050948314734,54.83711904371276,0.9729206963249516,0.027079303675048357,0.0,3.0596421471172963,0.15099403578528828,511,54.818252599405106,54.88951347799978,0.9647749510763209,0.03522504892367906,0.0,2.997971602434077,0.15671399594320484,-0.012736241221398414,0.018985579500440507,-0.2953614994883537,0.00537339247921409,-0.015126181489711722,0.019427175167948008,-0.33528364188969134,0.003126759754468367,0.0149923,1082.0033208426864
14,58432,2,1061,56.38458457064298,56.42417298859558,0.9773798303487277,0.022620169651272386,0.0,2.9170684667309548,0.1591417550626808,521,56.112570731863045,56.637393092792294,0.9884836852207294,0.011516314779270634,0.0,3.0038834951456312,0.16590291262135923,540,56.652492540158306,56.22258307190052,0.9666666666666667,0.03333333333333333,0.0,2.8314176245210727,0.1524712643678161,-0.012953871732071987,0.020696939248591662,-0.3136737339198589,0.004151226325666358,-0.01669593733842136,0.014334167772904038,-0.3552826441824436,0.00592066093800554,0.014575000000000001,1090.590032871992
15,62601,2,1067,56.303749637743344,58.00526685577741,0.9737582005623243,0.026241799437675725,0.0,2.87776708373436,0.16184793070259865,535,55.7131317490164,56.84096160685536,0.9813084112149533,0.018691588785046728,0.0,2.798095238095238,0.15935238095238094,532,56.87475291023952,59.22310338051195,0.9661654135338346,0.03383458646616541,0.0,2.9591439688715955,0.16439688715953307,-0.013425883175850872,0.0227400372736156,-0.32755250483751297,0.004983626154080411,-0.013254238597073708,0.015128930530045182,-0.36552966460585595,0.0036963416299727212,0.0141568,1096.8950633397774
16,66791,2,1049,54.639274903807646,57.674219308183496,0.9609151572926596,0.03908484270734033,0.0,2.953373015873016,0.16762896825396828,536,50.536825538356354,56.82908331998113,0.9589552238805971,0.041044776119402986,0.0,2.924124513618677,0.1669455252918288,513,58.935540774713324,58.55524910283461,0.9629629629629629,0.037037037037037035,0.0,2.983805668016194,0.16834008097165995,-0.008629536356238532,0.02498181533301249,-0.332913001999259,0.004607624057916837,-0.01787976501331357,0.015296484704595058,-0.3877105176448822,0.006131058350410968,0.013739900000000001,1106.2816892053197
17,70966,2,1071,56.81899425691121,58.32024927065329,0.9719887955182073,0.028011204481792718,0.0,2.866474543707973,0.16821325648414986,544,56.42698406398939,56.90733265713351,0.9816176470588235,0.01838235294117647,0.0,2.852059925093633,0.17335205992509364,527,57.232194189990956,59.74898211492143,0.9620493358633776,0.03795066413662239,0.0,2.8816568047337277,0.16280078895463512,-0.014950900933058986,0.02048845507670194,-0.347766924649477,0.008967201157429373,-0.014430878909236822,0.015253166237380355,-0.3960309695452452,0.006364603505289779,0.0133209,1114.3299877811653
18,75140,2,1101,55.91738529655305,59.25573629387563,0.9836512261580381,0.01634877384196185,0.0,2.771006463527239,0.16659279778393354,595,55.49786188499625,55.09892892832839,0.9932773109243698,0.0067226890756302525,0.0,2.7834179357021998,0.1696446700507614,506,56.41379347676169,64.11349548969164,0.9723320158102767,0.02766798418972332,0.0,2.7560975609756095,0.1629268292682927,-0.01749398634435393,0.018615640129428356,-0.3541320700198412,0.008429335522691872,-0.016658057144825135,0.016232378978747873,-0.42610979825258255,0.00709575559494624,0.0129034,1120.9309317797336
19,79328,2,1078,59.547983319400586,59.94119703990844,0.9684601113172542,0.03153988868274583,0.0,2.8486590038314175,0.1788984674329502,541,57.127812833712824,58.87512110736947,0.9944547134935305,0.005545286506469501,0.0,2.7639405204460967,0.1788661710037175,537,61.89850861125561,61.05666645194727,0.9422718808193669,0.05772811918063315,0.0,2.938735177865613,0.17893280632411065,-0.012547265662807134,0.019857960229273885,-0.4000541750341654,0.003556437556176206,-0.013056613523440319,0.019325858249794693,-0.4512203563004732,0.006416013657974418,0.012486,1128.0390207696055
20,83500,2,1091,60.78682148886995,58.75399686259852,0.9541704857928506,0.045829514207149404,0.0,2.7675312199807878,0.1770605187319885,555,58.043061501912455,57.2875361795436,0.9675675675675676,0.032432432432432434,0.0,2.696461824953445,0.1775418994413408,536,63.59066381130828,60.29322086198822,0.9402985074626866,0.05970149253731343,0.0,2.8432539682539684,0.17654761904761906,-0.008311086532811051,0.021115479699801654,-0.4062978059053421,0.004063421457578898,-0.018692611172082253,0.02164397352607921,-0.4371695589274168,0.012679119295171404,0.0120672,1131.012468092176
21,87680,4,1140,59.23476679929759,57.697725096133794,0.980701754385965,0.01929824561403509,0.0,2.6404293381037567,0.17661896243291592,571,57.048294259846976,54.22384577100876,0.9859894921190894,0.014010507880910683,0.0,2.6483126110124333,0.1812966252220249,569,61.47494217305048,61.11044457398548,0.9753954305799648,0.02460456942003515,0.0,2.6324324324324326,0.17187387387387387,-0.014303370422541251,0.013960858853533865,-0.41000789441168306,0.005339040028070485,-0.01613962519255021,0.014644795376807452,-0.4342838391661644,0.007524547233293788,0.01165,1113.990158319026
22,91853,4,1143,57.18812429951041,58.93985143669784,0.9833770778652668,0.016622922134733157,0.0,2.6281138790035588,0.18247330960854094,577,55.10512174292384,59.68612451147778,0.9913344887348353,0.008665511265164644,0.0,2.5,0.18669580419580417,566,59.39058219984387,58.206579634997716,0.9752650176678446,0.024734982332155476,0.0,2.760869565217391,0.1780978260869565,-0.00936320468957097,0.014595688582630828,-0.4126535329967737,0.0031148372840107187,-0.021572791600090412,0.013701761944685132,-0.44906020276248454,0.01195763773602181,0.011232,1112.1111633233313
23,96039,4,1140,59.47021409642189,56.335612944737214,0.9605263157894737,0.039473684210526314,0.0,2.617351598173516,0.1877625570776256,576,58.6177660035493,51.89401399152275,0.9583333333333334,0.041666666666666664,0.0,2.5579710144927534,0.19442028985507248,564,60.44207126066964,60.42998592115315,0.9627659574468085,0.03723404255319149,0.0,2.677716390423573,0.18099447513812156,-0.01246260329637188,0.018667117308359592,-0.4586733341217041,0.008660339064863364,-0.012121273151408873,0.02356018830323592,-0.4591045916080475,0.007169863138278743,0.0108147,1111.1886559001748
24,100222,4,1232,59.54395360854721,58.47326372067334,0.9772727272727273,0.022727272727272728,0.0,2.35797342192691,0.18470099667774087,633,60.13849175944901,58.75096658148566,0.9826224328593997,0.017377567140600316,0.0,2.1913183279742765,0.18418006430868167,599,58.903841104614614,58.184879980599014,0.9716193656093489,0.028380634390651086,0.0,2.536082474226804,0.18525773195876288,-0.015184216845997337,0.016552232555113733,-0.46637431494891646,0.005076682216508743,-0.011747785722368675,0.014750550797907635,-0.4909889116883278,0.003491050265802187,0.0103961,1104.5257181841143
25,104397,4,1236,57.76551789722939,58.83180965810299,0.970873786407767,0.02912621359223301,0.0,2.3291666666666666,0.18727500000000002,622,55.959045865243155,58.57820875277085,0.9871382636655949,0.012861736334405145,0.0,2.192182410423453,0.18488599348534204,614,59.494992760639136,59.10264557641889,0.9543973941368078,0.04560260586319218,0.0,2.4726962457337884,0.189778156996587,-0.006810694920101751,0.020708326296880842,-0.4847093615680933,0.003235193426638716,-0.01282024648163536,0.01305958881857805,-0.5152529597282409,0.004889930256763364,0.009977799999999998,1097.8258073322638
26,108584,4,1228,58.07571528176355,59.86421072128425,0.9771986970684039,0.02280130293159609,0.0,2.3725,0.19140833333333332,611,57.625086456320716,62.23171856407607,0.9950900163666121,0.004909983633387889,0.0,2.2121710526315788,0.1933717105263158,617,58.5579936233746,57.697717695333246,0.9594813614262561,0.04051863857374392,0.0,2.5371621621621623,0.1893918918918919,-0.010589429311767162,0.01294248171034269,-0.501140408217907,0.006146699872078898,-0.011569916358672366,0.01596170987468213,-0.5478527110069991,0.004795533056224599,0.009560299999999999,1093.2024428416166
27,112762,4,1220,60.50364645628446,59.92523563956391,0.9795081967213115,0.020491803278688523,0.0,2.39163179916318,0.19305439330543933,595,59.85435904669702,58.64866025743209,0.9932773109243698,0.0067226890756302525,0.0,2.27580372250423,0.19835871404399325,625,61.11898419739677,61.14578576981531,0.9664,0.0336,0.0,2.5049668874172184,0.18786423841059602,-0.011255919776674117,0.012244184472365305,-0.5153919380158186,0.007099640718024602,-0.012272965218908988,0.012004192627500743,-0.5598604366183281,0.00485710579163765,0.009141600000000001,1088.0487754046694
28,116935,4,1187,55.57260889248746,60.14878392777004,0.9646166807076664,0.03538331929233361,0.0,2.461135371179039,0.20351965065502184,582,52.638932172603404,57.95115118183985,0.9810996563573883,0.018900343642611683,0.0,2.3415061295971977,0.2067600700525394,605,58.09803933743619,62.494905372749585,0.9487603305785124,0.0512396694214876,0.0,2.5801393728222997,0.20029616724738675,-0.009713868663727667,0.02374203719664365,-0.546596447750926,0.007320937165059149,-0.008655239373480028,0.012722464936086909,-0.5758716307580471,0.005119920225411079,0.0087238,1088.081065846553
29,121105,4,1197,61.68678953137654,59.94036506560963,0.9782790309106099,0.02172096908939014,0.0,2.4500426985482493,0.2095217762596072,588,59.52627405204432,57.43082829183959,0.9965986394557823,0.003401360544217687,0.0,2.2935153583617747,0.21762798634812286,609,63.43545674746108,62.79724256931323,0.9605911330049262,0.03940886699507389,0.0,2.606837606837607,0.2014017094017094,-0.012115130994935597,0.012510994711192325,-0.5547945972532033,0.0062769574422190996,-0.0060680210475998475,0.01483425493352115,-0.5953260153532028,0.0039405979852745075,0.008306500000000001,1088.1716277722464
30,125284,4,1202,56.72101583627762,60.136515409203774,0.961730449251248,0.03826955074875208,0.0,2.4160899653979238,0.2168944636678201,644,53.58978920900377,59.6298012604864,0.9782608695652174,0.021739130434782608,0.0,2.261904761904762,0.21982539682539684,558,60.293101086164036,60.72798245824042,0.942652329749104,0.05734767025089606,0.0,2.6007604562737643,0.21338403041825096,-0.005444337607621835,0.017202232574345545,-0.5584167934954166,0.004684817927045515,-0.006400924288694432,0.01734982568304986,-0.6144648559391499,0.003432638125326548,0.0078895,1089.9058313010398
31,129464,6,1251,59.21413188316681,58.051786341163194,0.9792166266986411,0.020783373301358914,0.0,2.306122448979592,0.21066122448979593,600,58.39554731674444,57.4213910016717,0.9916666666666667,0.008333333333333333,0.0,2.2285714285714286,0.21231932773109247,651,59.94959863207549,58.64737457602019,0.967741935483871,0.03225806451612903,0.0,2.3793650793650793,0.2090952380952381,-0.004676786671528699,0.01513411834021099,-0.574225676804781,0.0026226656745393486,-0.0047086446700632225,0.012418544758111239,-0.6024012885987758,0.0024468589598654945,0.0074716,1074.6369802023994
32,133630,6,1249,55.498791802750866,58.570780496570116,0.978382706164932,0.021617293835068056,0.0,2.2986906710310966,0.2200163666121113,645,55.46715851027055,55.820536328679516,0.9953488372093023,0.004651162790697674,0.0,2.191588785046729,0.22624610591900313,604,55.5297265682679,61.78099581449119,0.9602649006622517,0.039735099337748346,0.0,2.4172413793103447,0.21312068965517242,-0.009596034507988316,0.014592855086084456,-0.5824364379048348,0.007010533202173974,-0.009366954605731892,0.011164253362221644,-0.6305259309709073,0.0053454044705404154,0.0070536,1073.7329491146668
33,137805,6,1236,59.220466616985505,58.762888694870945,0.9789644012944984,0.021035598705501618,0.0,2.34297520661157,0.2318181818181818,616,58.63764463533422,58.585338407945294,0.9967532467532467,0.003246753246753247,0.0,2.268729641693811,0.24037459283387622,620,59.80139631947558,58.93873176749925,0.9612903225806452,0.03870967741935484,0.0,2.4194630872483223,0.22300335570469793,-0.009654808212954169,0.011746926378691569,-0.5998032569885254,0.005610997797009532,-0.009917419687465822,0.013478003873024136,-0.6423523470759391,0.005704410300336349,0.0066370000000000005,1073.0058866487832
34,141977,6,1212,58.20272377936515,58.16020121064223,0.9653465346534653,0.034653465346534656,0.0,2.3863247863247863,0.2406410256410256,613,56.06634114809009,54.09815915512541,0.9738988580750407,0.026101141924959218,0.0,2.2998324958123955,0.25105527638190955,599,60.608965269327605,61.93764159347952,0.9565943238731218,0.04340567612687813,0.0,2.4764397905759163,0.2297905759162304,-0.008474466059244712,0.017880036402493714,-0.602937413752079,0.007320499152820048,-0.006103322779414289,0.0165844222123269,-0.669188130646944,0.002951695837180068,0.006219499999999999,1070.9377881557539
35,146151,6,1257,60.38874681650726,60.07323908219668,0.9673826571201273,0.03261734287987271,0.0,2.2639802631578947,0.23228618421052635,630,60.65738286477483,60.10900189158515,0.9809523809523809,0.01904761904761905,0.0,2.1521035598705502,0.23789644012944985,627,60.13720578949307,60.0345863488172,0.9537480063795853,0.046251993620414676,0.0,2.379598662207358,0.22648829431438128,-0.005728850020364129,0.017403598048258574,-0.628173740953207,0.0035507981408727574,-0.006629093609209147,0.011930617940379307,-0.6642364054918289,0.004897486390837003,0.0058023,1069.4021292081932
36,150310,6,1222,55.58840120273713,60.024285073339556,0.9819967266775778,0.01800327332242226,0.0,2.3741666666666665,0.23485000000000003,619,53.52467606258448,59.73601671713822,0.9935379644588045,0.006462035541195477,0.0,2.28130081300813,0.24473170731707317,603,57.673184762687285,60.324681224462,0.9701492537313433,0.029850746268656716,0.0,2.471794871794872,0.22446153846153846,-0.006004107731572439,0.012048386281821876,-0.6329757161438465,0.0025293415426062894,-0.005556310057465602,0.01074502498959191,-0.6713528595864773,0.0030710202232057783,0.0053849,1066.9410213445326
37,154492,6,1258,57.6829379001295,61.40846147028431,0.9864864864864865,0.013513513513513514,0.0,2.3013698630136985,0.2332393231265109,625,57.55257198459073,61.088023487711425,0.9936,0.0064,0.0,2.244766505636071,0.2484219001610306,633,57.80637812640528,61.73811332456057,0.9794628751974723,0.020537124802527645,0.0,2.358064516129032,0.21803225806451615,-0.00873889399464894,0.010510089673334732,-0.634679825603962,0.0047878110091915,-0.008627588680779997,0.009262972720898687,-0.7034757860004902,0.005428683917580201,0.0049689999999999995,1065.0643620268197
38,158656,6,1223,58.297887096812175,59.18394026538365,0.9738348323793949,0.02616516762060507,0.0,2.3618807724601174,0.2475230898404702,596,57.459711729127605,58.20030681923456,0.9932885906040269,0.006711409395973154,0.0,2.304054054054054,0.2606081081081081,627,59.12488679292762,60.08635627102501,0.9553429027113237,0.044657097288676235,0.0,2.4190317195325544,0.23459098497495823,-0.004420119970859976,0.011055602016858757,-0.6634954147040844,0.0032843941149167223,-0.00492117810818119,0.017298439372098073,-0.7233829475939274,0.005638104813186828,0.004550799999999999,1065.1066951031883
39,162833,6,1233,57.747273151579826,59.22716101171099,0.9683698296836983,0.031630170316301706,0.0,2.33500837520938,0.24685092127303182,625,55.06061989557773,59.85423750849598,0.9872,0.0128,0.0,2.2625607779578605,0.25987034035656403,608,60.39031190667277,58.55409890516176,0.9490131578947368,0.05098684210526316,0.0,2.412478336221837,0.2329289428076256,-0.003307704326903499,0.011690514755900949,-0.6728668190538883,0.0028283335841706504,-0.006908392180805844,0.013644302706234157,-0.7252683646976947,0.002665063092172204,0.0041344,1063.9519144299709
40,167011,6,1204,58.84163730809837,59.86735548051256,0.9750830564784053,0.024916943521594685,0.0,2.431005110732538,0.25041737649063034,581,58.46750068294523,59.15486020014787,1.0,0.0,0.0,2.4182444061962136,0.2661617900172117,623,59.21577393325152,60.48662707933421,0.9518459069020867,0.048154093097913325,0.0,2.4435075885328836,0.234991568296796,-0.0058140517550759885,0.01482229916146025,-0.6869781225919723,0.0032062560093663707,-0.004771466228987542,0.011955370614305138,-0.7263615317642689,0.0030527391310897654,0.0037167,1060.1467443306713
41,171197,8,1187,58.28160935089332,57.71535633210423,0.9679865206402696,0.03201347935973041,0.0,2.4778067885117494,0.25738903394255874,625,60.13162784944569,55.81059669529396,0.9792,0.0208,0.0,2.5441176470588234,0.2765849673202614,562,55.99546481846168,59.62648640248242,0.9555160142348754,0.04448398576512456,0.0,2.4022346368715084,0.235512104283054,-0.006919073835888412,0.011740877089323476,-0.6686252385377884,0.006872380622826313,-0.004937603497804583,0.014634774666046724,-0.702209822833538,0.004657228002133707,0.0032989000000000004,1051.506431485404
42,175371,8,1219,58.17099456414899,60.28085642236564,0.9811320754716981,0.018867924528301886,0.0,2.3938127090301005,0.26039297658862876,622,58.32774358801542,59.305577324475884,0.9951768488745981,0.00482315112540193,0.0,2.418416801292407,0.2738610662358643,597,58.02141706425029,61.386843028220014,0.966499162479062,0.03350083752093802,0.0,2.367417677642981,0.2459445407279029,-0.005393300539422186,0.012658125910093077,-0.6871451079845429,0.0033460636474018203,-0.006440347562381455,0.008092491212300957,-0.7273990787565708,0.003749462784981006,0.002880299999999999,1050.5882796371573
43,179537,8,1200,56.54505162585391,59.777882635808105,0.975,0.025,0.0,2.4324786324786323,0.2642136752136752,589,55.982482459135824,58.96925340072026,0.9932088285229203,0.006791171477079796,0.0,2.4188034188034186,0.2822051282051282,611,57.0962557589009,60.54530783343925,0.9574468085106383,0.0425531914893617,0.0,2.4461538461538463,0.2462222222222222,-0.005383097232513956,0.010523213510168716,-0.6893202222883701,0.004710110493033426,-0.002171331317159364,0.010565575235523284,-0.7498731464147568,0.0020903930630993273,0.0024629000000000005,1050.867666125894
44,183705,8,1236,57.82692822707277,58.689751715578154,0.9813915857605178,0.0186084142394822,0.0,2.3413025556471556,0.2620280296784831,619,58.35359936985316,56.913612403971456,0.9919224555735057,0.008077544426494346,0.0,2.2996742671009773,0.2760586319218241,617,57.317246475994985,60.53531666802938,0.9708265802269044,0.029173419773095625,0.0,2.383973288814691,0.24764607679465772,-0.004707888465304922,0.011242668752674944,-0.7138489447534084,0.004561313750127738,-0.006850277937768689,0.010438730206806213,-0.7569132402539254,0.0044265157823247135,0.002046300000000001,1049.6107154478439
45,187866,8,1227,57.90828042384461,61.05904802036816,0.9779951100244498,0.022004889975550123,0.0,2.355,0.27281666666666665,606,57.45370701429815,60.79644491515916,0.9983498349834984,0.0016501650165016502,0.0,2.304132231404959,0.2875537190082645,621,58.380564485711076,61.29899846154955,0.9581320450885669,0.04186795491143317,0.0,2.40672268907563,0.2578319327731092,-0.00960304157480354,0.009297790305572562,-0.7258857771754265,0.004683147372588792,-0.0052625277060634355,0.01667604717076756,-0.776624534279108,0.005059289931932653,0.001629499999999999,1046.569195517748
46,192035,8,1242,63.623864876628375,56.95767016139344,0.9790660225442834,0.020933977455716585,0.0,2.3215460526315788,0.26708059210526314,621,64.79216225359562,56.55290934963207,0.9871175523349437,0.01288244766505636,0.0,2.3556280587275693,0.28652528548123984,621,62.44422480668085,57.3585390422725,0.9710144927536232,0.028985507246376812,0.0,2.286898839137645,0.24731343283582088,-0.004744474620685596,0.010109378647757693,-0.7360184229910374,0.0038438650094235528,-0.0031754676031769957,0.01287766980822198,-0.7686897411942482,0.002745494279020022,0.0012134,1045.6213091843624
47,196196,8,1212,60.06344309852104,61.826872554975786,0.9752475247524752,0.024752475247524754,0.0,2.3934010152284264,0.27635363790186124,586,60.03012171602284,59.77786726785565,0.9897610921501706,0.010238907849829351,0.0,2.4,0.2982586206896552,626,60.095679093967206,63.6831814201097,0.9616613418530351,0.038338658146964855,0.0,2.3870431893687707,0.2552491694352159,-0.003962877886949029,0.012915240018628538,-0.7631921447813511,0.003756818205988566,-0.003621273007183601,0.013285024039214477,-0.7938113406300544,0.003015486744880036,0.0007964999999999986,1043.7928454608311
48,200357,8,1219,59.76381817132863,57.77673327335154,0.9688269073010665,0.031173092698933553,0.0,2.3624047417442844,0.2719136325148179,585,59.579085998488665,56.79194869460301,0.9897435897435898,0.010256410256410256,0.0,2.385146804835924,0.2908635578583765,634,59.94062454137344,58.65441137223619,0.9495268138801262,0.050473186119873815,0.0,2.340531561461794,0.2536877076411961,-0.0049544520750878455,0.015410938602872192,-0.7600256390869617,0.004223078404402258,-0.005227820790650395,0.012389506676117889,-0.797536812722683,0.003432687492477271,0.0003803999999999995,1042.4408140866735
49,204519,8,1214,58.054225470843164,58.79821927149547,0.9769357495881383,0.023064250411861616,0.0,2.3912310286677907,0.273035413153457,589,57.45136786386884,56.89538211704584,0.99830220713073,0.001697792869269949,0.0,2.3962585034013606,0.29163265306122454,625,58.626167303100864,60.579469387322135,0.9568,0.0432,0.0,2.3862876254180603,0.2547491638795986,-0.0033316902442698916,0.01310768692055717,-0.7648354269564152,0.0033351790838196393,-0.003093526788919676,0.009895259287441149,-0.7957574374973774,0.0034628484407789985,0.0,1039.9882267515939
50,208701,8,1201,60.782394981510045,56.47808063019227,0.9791840133222315,0.020815986677768527,0.0,2.449829931972789,0.2743027210884354,599,59.98206753253175,56.257171542175996,0.991652754590985,0.008347245409015025,0.0,2.452861952861953,0.29134680134680135,602,61.598782513076515,56.69242806212885,0.9667774086378738,0.03322259136212625,0.0,2.4467353951890036,0.2569072164948454,-0.00883637215856652,0.007928804529365152,-0.7674928933382035,0.006399831510566401,-0.0027873746195791194,0.010800028702942655,-0.7991897843778133,0.002469942234342426,0.0,1039.3363737895954
51,212869,10,1218,57.14830974956339,62.423100611057855,0.9786535303776683,0.021346469622331693,0.0,2.3875838926174495,0.2777013422818792,628,57.23785746743795,60.59330505947615,0.9936305732484076,0.006369426751592357,0.0,2.375,0.2932371794871795,590,57.048987456850405,64.29475423081297,0.9627118644067797,0.03728813559322034,0.0,2.4014084507042255,0.26063380281690146,-0.0017286162541352956,0.011548701772699132,-0.7703432209789753,0.0014836391420715244,-0.0029786594305093337,0.01014648898562882,-0.7994140431284904,0.002931667907500923,0.0,1031.8330844411591
52,217051,10,1190,58.03148967797174,57.6497702897422,0.9756302521008403,0.024369747899159664,0.0,2.4771748492678727,0.28062015503875964,570,56.37352785644715,56.2135126319535,1.0,0.0,0.0,2.550877192982456,0.30584210526315786,620,59.543637267635866,58.980488247437805,0.9532258064516129,0.0467741935483871,0.0,2.4060913705583755,0.25629441624365484,-0.005753505318174648,0.009212394684436732,-0.780792561173439,0.003579217120568501,-0.002916454979820149,0.015476967257563956,-0.8127206578850746,0.002601359553136717,0.0,1031.46050183214
53,221223,10,1199,57.74836361009026,62.998672934870086,0.9724770642201835,0.027522935779816515,0.0,2.4365351629502574,0.28558319039451113,599,57.06449714507727,61.384795215697984,0.9833055091819699,0.01669449081803005,0.0,2.434634974533107,0.30227504244482173,600,58.388532537402746,64.71939273301177,0.9616666666666667,0.03833333333333333,0.0,2.438474870017331,0.26854419410745234,-0.007957198960852074,0.02005711406818591,-0.7830074250698089,0.007183484679990216,-0.010348685362736431,0.00645279728632886,-0.818375313282013,0.004632879893142672,0.0,1030.346514772194
54,225405,10,1181,62.3515515555989,58.99581737200366,0.97883149872989,0.021168501270110076,0.0,2.5095155709342563,0.28653114186851214,564,58.357063970847854,57.06222905801277,0.9911347517730497,0.008865248226950355,0.0,2.5026833631484795,0.30363148479427554,617,65.77365829741306,60.88926198397397,0.9675850891410048,0.03241491085899514,0.0,2.5159128978224454,0.2705192629815745,-0.00519467768483689,0.00969249480694998,-0.8005508206784725,0.002596280698890041,-0.0069677040119250355,0.010251201895880514,-0.802541796118021,0.005650049967698578,0.0,1029.7244107460947
55,229573,10,1191,56.14543285550421,57.219309651831075,0.9764903442485307,0.023509655751469353,0.0,2.463456577815993,0.28359415305245056,591,56.042692358946525,57.7342135017593,0.9847715736040609,0.015228426395939087,0.0,2.520618556701031,0.3042611683848797,600,56.258657076200436,56.77003080238389,0.9683333333333334,0.03166666666666667,0.0,2.406196213425129,0.2628915662650603,-0.0029166734481774538,0.01251615272485651,-0.7851315125823021,0.0029832700148972437,-0.0024769227066476994,0.010654358743340708,-0.8183451138436795,0.0028067496388075597,0.0,1029.573819137422
56,233746,10,1168,58.99465261532668,57.71803368433125,0.9743150684931506,0.025684931506849314,0.0,2.5351493848857647,0.28596660808435853,561,56.613241255768514,60.072262501213096,0.9910873440285205,0.008912655971479501,0.0,2.618705035971223,0.30757194244604313,607,61.03037522914255,55.371731563802555,0.9588138385502472,0.04118616144975288,0.0,2.4553264604811,0.2653264604810997,-0.004951831671944651,0.012771409819833934,-0.79677964001894,0.005161614985661344,-0.0012408644028228054,0.011552107078023255,-0.809718807041645,0.003971936859716152,0.0,1029.759449674023
57,237924,10,1185,57.58719064901698,58.06656895718614,0.9654008438818565,0.03459915611814346,0.0,2.472902097902098,0.28680069930069935,594,56.257374941844176,56.67915785858568,0.9747474747474747,0.025252525252525252,0.0,2.459412780656304,0.30445595854922286,591,58.95716857553395,59.42556890700982,0.9560067681895094,0.043993231810490696,0.0,2.4867256637168142,0.2687079646017699,-0.004634177652859112,0.012688972274190746,-0.8056082755327225,0.0038093462302640547,-0.009301063306751466,0.01694752596667968,-0.8130807295441628,0.011230281465122971,0.0,1029.904649514806
58,242102,10,1237,55.43182730424967,58.46704473341792,0.9741309620048505,0.025869037995149554,0.0,2.3344398340248964,0.28108713692946063,600,56.30700770866682,55.22540142035811,0.995,0.005,0.0,2.3098827470686767,0.29673366834170856,637,54.64305006077815,61.64847176202462,0.9544740973312402,0.04552590266875981,0.0,2.3585526315789473,0.26572368421052633,-0.0027691257796173,0.010304057988105342,-0.80653116106987,0.004326568372744077,-0.00450207278331618,0.010670506305177695,-0.8384778261184692,0.00393394881013478,0.0,1029.2362213027202
59,246283,10,1199,55.05536140221155,56.12455961827712,0.9716430358632193,0.02835696413678065,0.0,2.442918454935622,0.2815450643776824,614,53.7164699837944,54.40246810318207,0.9690553745928339,0.030944625407166124,0.0,2.5142857142857142,0.2992268907563025,585,56.50462738200359,57.88041763366814,0.9743589743589743,0.02564102564102564,0.0,2.3684210526315788,0.26308771929824565,-0.010269586741543869,0.01657279668143019,-0.7812152959406375,0.007342171087111637,-0.008536060118874911,0.008661061816383153,-0.830506132543087,0.005478942798072239,0.0,1027.6635927197008
60,250446,10,1191,57.043843838558544,57.56276251144757,0.9554995801847187,0.04450041981528128,0.0,2.4253075571177503,0.2838224956063269,597,56.62591635287943,55.86540690896071,0.9681742043551089,0.031825795644891124,0.0,2.43598615916955,0.2991176470588235,594,57.47189413530949,59.23785771259033,0.9427609427609428,0.05723905723905724,0.0,2.414285714285714,0.26803571428571427,-0.007619225130775664,0.0172439361223951,-0.7889612771570682,0.00641325685436982,-0.0033076685112167327,0.015067199114128016,-0.840835627913475,0.005588675537728705,0.0,1026.2595136696575
61,254619,12,1246,59.919517709762005,60.669796170367626,0.9799357945425361,0.020064205457463884,0.0,2.315315315315315,0.284954954954955,644,59.216376441435884,61.58184927861297,0.9860248447204969,0.013975155279503106,0.0,2.296062992125984,0.29664566929133857,602,60.64793529819135,59.66222398659657,0.973421926910299,0.026578073089700997,0.0,2.33617747440273,0.2722866894197952,-0.0057392421894815636,0.0067754925898043435,-0.8067000232636928,0.004672640233729907,-0.005183448611866015,0.012040993239497765,-0.8413079105317592,0.007279594520878163,0.0,1020.2280204896467
62,258806,12,1220,60.10600686751807,59.94609908597385,0.980327868852459,0.019672131147540985,0.0,2.400501672240803,0.28709866220735786,583,58.367405051401555,59.09226718514099,0.9879931389365352,0.012006861063464836,0.0,2.3975694444444446,0.29909722222222224,637,61.733515915831624,60.71033134289217,0.9733124018838305,0.026687598116169546,0.0,2.403225806451613,0.2759516129032258,-0.005437717107167478,0.007128859966178425,-0.8121305428445339,0.00316101762294565,-0.00489021027160561,0.00886040305485949,-0.8280862025916577,0.004366115088487277,0.0,1019.5384627450037
63,262976,12,1242,59.22500068457036,58.52155763582863,0.9838969404186796,0.01610305958132045,0.0,2.330605564648118,0.2896808510638298,642,58.68562667262642,57.73403671040324,0.9968847352024922,0.003115264797507788,0.0,2.2515625,0.3016875,600,59.77833907222806,59.40109131542745,0.97,0.03,0.0,2.417525773195876,0.2764776632302406,-0.00867286288724516,0.008855349445366301,-0.832482148706913,0.008036138736338216,-0.0007540684445809076,0.010549512095167302,-0.8429074972867966,0.002747829298459692,0.0,1018.8479818264778
64,267155,12,1211,55.48487145966714,57.6719646358654,0.9719240297274979,0.028075970272502065,0.0,2.4061172472387424,0.2867884451996602,579,51.99735353353152,59.117392071663446,0.9792746113989638,0.02072538860103627,0.0,2.3897707231040566,0.30343915343915345,632,58.82275990382335,56.40227305852303,0.9651898734177216,0.03481012658227848,0.0,2.421311475409836,0.2713114754098361,-0.00836797303673662,0.012107161124004052,-0.8360923148691655,0.0063340627539673735,-0.003391167608017076,0.008017635028227232,-0.8584030710160733,0.003758946245216066,0.0,1018.896762145834
65,271322,12,1242,57.08016112131924,56.61149280065355,0.9782608695652174,0.021739130434782608,0.0,2.3185185185185184,0.2853497942386831,598,54.76541191077205,53.73868927931898,0.9866220735785953,0.013377926421404682,0.0,2.2932203389830508,0.29959322033898306,644,59.25671634914718,59.24257175384995,0.9704968944099379,0.029503105590062112,0.0,2.3424,0.271904,-0.004486599627010745,0.009573144104797393,-0.8444186188280582,0.0032186398450448905,-0.003597049466126731,0.011541745977592655,-0.8573821559548378,0.006411664595339062,0.0,1018.7030225244337
66,275488,12,1224,60.266972828310756,59.99757604062524,0.9803921568627451,0.0196078431372549,0.0,2.3716666666666666,0.28794166666666665,636,61.252866197810846,57.66440830373131,0.9905660377358491,0.009433962264150943,0.0,2.3603174603174604,0.3009523809523809,588,59.19948828340375,62.518649903980446,0.9693877551020408,0.030612244897959183,0.0,2.3842105263157896,0.27356140350877195,-0.004504294509144949,0.013343103928491473,-0.8406252704560757,0.0036501373177088682,-0.006576229354863195,0.007061010264442303,-0.8690582863986492,0.004270760809231433,0.0,1016.0850683331162
67,279659,12,1209,59.378760803563615,57.28414602601714,0.967741935483871,0.03225806451612903,0.0,2.398290598290598,0.28623076923076923,594,57.83471260065398,56.029216718131096,0.9730639730639731,0.026936026936026935,0.0,2.3961937716262978,0.2978373702422145,615,60.91784422125491,58.456514195226475,0.9626016260162602,0.03739837398373984,0.0,2.4003378378378377,0.27489864864864866,-0.0049875424662164545,0.010798976363730617,-0.8730692565441132,0.0038189649148762327,-0.011151423094928226,0.014169428078457714,-0.8719467736780644,0.008774832039443936,0.0,1013.8693035407559
68,283843,12,1214,59.11808979605679,60.5487498425994,0.984349258649094,0.015650741350906095,0.0,2.4217573221757323,0.2873807531380753,593,59.06196816662137,57.551435140107806,0.9898819561551433,0.01011804384485666,0.0,2.3696763202725726,0.29850085178875635,621,59.173663005660615,63.30742483947862,0.9790660225442834,0.020933977455716585,0.0,2.4720394736842106,0.2766447368421052,-0.007698659679958464,0.005131624269415625,-0.867537697404623,0.004662483513422444,-0.003586543755580088,0.012723191222175956,-0.8872286558151246,0.006367677123535032,0.0,1012.7419288657196
69,288017,12,1226,55.90947549395799,59.555421753303875,0.9738988580750407,0.026101141924959218,0.0,2.3618090452261304,0.28520100502512563,620,57.08154052949953,58.50570505627849,0.9887096774193549,0.01129032258064516,0.0,2.3768352365415986,0.30009787928221854,606,54.53781967337859,60.50016678062674,0.9587458745874587,0.041254125412541254,0.0,2.3459552495697076,0.2694836488812392,-0.005253914008881555,0.012154102852218785,-0.8484572894871235,0.005892457798199757,-0.004511442351168496,0.009815347797120922,-0.8875798098742962,0.005114824882991797,0.0,1011.5891366911
70,292198,12,1223,57.40859126132598,60.355670994579874,0.9844644317252658,0.01553556827473426,0.0,2.393687707641196,0.2868023255813954,586,57.0860355860547,59.675519646745066,0.9982935153583617,0.0017064846416382253,0.0,2.3846153846153846,0.3018803418803419,637,57.713739169995314,60.964005119351405,0.9717425431711146,0.0282574568288854,0.0,2.4022617124394183,0.27255250403877224,-0.004407701461020691,0.010352979699382559,-0.8660881832242012,0.004603746305025425,-0.0031146360005469527,0.008735543763032183,-0.8977222867310047,0.00312838589197213,0.0,1013.7937793469648
71,296364,14,1189,58.68107360791122,55.63169758743004,0.9823380992430614,0.017661900756938603,0.0,2.476883561643836,0.29128424657534246,580,56.5129359187045,54.35438314371259,0.9948275862068966,0.005172413793103448,0.0,2.483535528596187,0.3069844020797227,609,60.64140257291283,56.913327282646534,0.9704433497536946,0.029556650246305417,0.0,2.470389170896785,0.2759560067681895,-0.00608458566395913,0.008934120953199454,-0.870161747187376,0.005706089686145788,-0.008060264063284483,0.00531547105347272,-0.8811041623353958,0.005754591188815539,0.0,1013.162590856292
72,300538,14,1208,60.57731296697583,61.73353515675186,0.9892384105960265,0.01076158940397351,0.0,2.4384937238493722,0.29838493723849374,600,60.05842408854955,58.20328278582388,0.9966666666666667,0.0033333333333333335,0.0,2.42809364548495,0.31030100334448163,608,61.13364743456689,64.94083068617539,0.9819078947368421,0.018092105263157895,0.0,2.4489112227805694,0.28644891122278054,-0.0065191831099898675,0.0061402040446409956,-0.8762397415935993,0.006072964138729731,-0.010442925250927937,0.00634644168894738,-0.9138597823679447,0.006396262340336989,0.0,1015.8844679902369
73,304704,14,1207,59.18145609874785,55.5428805586747,0.9792874896437448,0.020712510356255178,0.0,2.418781725888325,0.3018612521150592,586,61.912516347054876,51.7633051623641,0.9880546075085325,0.011945392491467578,0.0,2.38860103626943,0.3161658031088083,621,56.26333692932391,58.69061204374797,0.9710144927536232,0.028985507246376812,0.0,2.4477611940298507,0.28812603648424545,-0.0019369499581434774,0.007646914535143878,-0.8844605028629303,0.00332737710505171,-0.005468998764300226,0.013063744342071004,-0.9156775288283825,0.004053788646018575,0.0,1017.5966607178513
74,308879,14,1211,58.10749782143837,59.05079183210789,0.976878612716763,0.023121387283236993,0.0,2.4108199492814877,0.3038207945900253,621,57.14136038164795,57.103382893535915,0.9935587761674718,0.00644122383252818,0.0,2.432739059967585,0.3192868719611021,590,59.150669475697114,61.045369845316564,0.9593220338983051,0.04067796610169491,0.0,2.3869257950530036,0.28696113074204943,-0.003029654106558155,0.014527095941593871,-0.8834228061139584,0.005600430348749796,-0.00374834114335969,0.00788214497442823,-0.9233796522021294,0.0041261295067897665,0.0,1020.10550317932
75,313052,14,1213,57.75789411490394,56.905006236119966,0.9826875515251443,0.01731244847485573,0.0,2.412751677852349,0.3051426174496644,602,57.796860460530986,55.24513589602687,0.9983388704318937,0.0016611295681063123,0.0,2.4126455906821964,0.32342762063227953,611,57.71880001076664,58.510632447451854,0.967266775777414,0.03273322422258593,0.0,2.412859560067682,0.2865482233502539,-0.0038276435474977498,0.0069561110227368775,-0.898232638090849,0.002702315979331615,-0.0024646565372864583,0.010713040953851305,-0.9209606572985649,0.00296148738705142,0.0,1022.703918833567
76,317226,14,1246,60.18885150657215,61.31803155474819,0.9815409309791332,0.018459069020866775,0.0,2.3188879803761244,0.30563368765331156,617,59.34795319218457,62.289300434707926,0.9983792544570502,0.0016207455429497568,0.0,2.313311688311688,0.3204383116883117,629,60.898668613128734,60.20897020392914,0.9650238473767886,0.034976152623211444,0.0,2.3245469522240527,0.29060955518945636,-0.002737529157569818,0.011949943442596122,-0.916774794459343,0.003356224103913519,-0.006035037935162446,0.006797744962386787,-0.937719389051199,0.00452613930519874,0.0,1027.0444409474326
77,321403,14,1243,58.05703983592043,59.968308108471696,0.9782783588093322,0.02172164119066774,0.0,2.3240131578947367,0.3054111842105263,632,58.45668155033183,61.194154960404205,0.995253164556962,0.004746835443037975,0.0,2.338632750397456,0.3186804451510334,611,57.63208747959628,58.7345779970412,0.9607201309328969,0.03927986906710311,0.0,2.3083475298126066,0.2911925042589438,-0.0035150086321195538,0.0068740353541215885,-0.8998613491654396,0.004481029926932933,-0.002719573696097599,0.014298165030777455,-0.9322328604757786,0.003464642779317728,0.0,1032.284935690682
78,325568,14,1190,55.890455310543096,59.71632123442294,0.9789915966386554,0.02100840336134454,0.0,2.467811158798283,0.30751931330472104,611,53.6318915245447,59.21242837977633,0.9885433715220949,0.011456628477905073,0.0,2.455298013245033,0.32200331125827814,579,58.25204130432389,60.252778593281406,0.9689119170984456,0.031088082901554404,0.0,2.481283422459893,0.2919251336898396,-0.004207512390806389,0.01065359566709958,-0.8861263312399388,0.005529672637749172,-0.0022799192197780647,0.008352916804142296,-0.9365481816232204,0.002781042273818457,0.0,1037.7616598715208
79,329747,14,1220,53.70666000799289,56.27343791181796,0.9754098360655737,0.02459016393442623,0.0,2.3857142857142857,0.30636974789915966,591,50.68599383571952,56.224475341411164,0.9949238578680203,0.005076142131979695,0.0,2.3639455782312924,0.32093537414965984,629,56.536652900288864,56.319564235768254,0.9570747217806042,0.04292527821939587,0.0,2.4069767441860463,0.29214285714285715,-0.007156058384832409,0.007420265194377862,-0.9122830137610436,0.005103761903660598,-0.001880845673471443,0.014395517963566817,-0.9552668534219265,0.0028866680646387976,0.0,1042.8699024150105
80,333927,14,1237,59.47008609830294,56.88619751823572,0.9814066289409863,0.018593371059013743,0.0,2.3484349258649093,0.3062520593080725,642,55.74690693315079,58.05945413312501,0.9968847352024922,0.003115264797507788,0.0,2.2625,0.312734375,595,63.465693007246706,55.61389976053108,0.9647058823529412,0.03529411764705882,0.0,2.4442508710801394,0.2990243902439025,-0.004120005146025463,0.007347622647648678,-0.9367980986833573,0.003983077873749607,-0.003285649791819467,0.008079212982556783,-0.9448239080607891,0.0037267266588969505,0.0,1047.6821098316996
81,338099,16,1230,59.48992464973051,58.26939317552001,0.983739837398374,0.016260162601626018,0.0,2.365289256198347,0.3084545454545455,636,59.00239409636279,58.02280685615094,0.9968553459119497,0.0031446540880503146,0.0,2.332807570977918,0.3195110410094637,594,59.96604144432374,58.55693790047916,0.9696969696969697,0.030303030303030304,0.0,2.4010416666666665,0.29628472222222224,-0.004592987927375139,0.006416166442795657,-0.9325322143733501,0.004147528229395903,-0.004249607992578586,0.008687793958233669,-0.9481751091778279,0.004599958523704118,0.0,1049.9847554523963
82,342269,16,1236,58.447782721239065,57.964525291671336,0.9797734627831716,0.020226537216828478,0.0,2.3402146985962013,0.3098761354252684,631,59.304955510646096,57.01403923045556,0.9904912836767037,0.009508716323296355,0.0,2.3712,0.325408,605,57.703466537333924,59.141001045763595,0.968595041322314,0.03140495867768595,0.0,2.3071672354948807,0.2933105802047781,-0.004800114055684324,0.014917148795211688,-0.9199616469442844,0.005987337882106658,-0.004476590569583086,0.005500671587651595,-0.94802066385746,0.004451493257693073,0.0,1054.821696345416
83,346440,16,1191,59.11269753260272,56.98847149776965,0.966414777497901,0.033585222502099076,0.0,2.4500434404865334,0.3136750651607298,620,57.16776683643129,54.24537235134699,0.9693548387096774,0.03064516129032258,0.0,2.4675540765391015,0.32589018302828615,571,61.20093891164995,60.00012580538056,0.9632224168126094,0.03677758318739054,0.0,2.430909090909091,0.3003272727272727,-0.0029393104574842372,0.008627807250013575,-0.9337468519806862,0.0037846060638798916,-0.015182132244747964,0.01661457895534113,-0.9286275401711463,0.010255200334722759,0.0,1059.6649328784822
84,350614,16,1251,58.85966273125227,55.40663174829751,0.9832134292565947,0.016786570743405275,0.0,2.308130081300813,0.3081626016260162,616,56.80627178481485,56.3850425724372,0.9935064935064936,0.006493506493506494,0.0,2.2712418300653594,0.319640522875817,635,60.967993903681325,54.506843222526165,0.9732283464566929,0.026771653543307086,0.0,2.3446601941747574,0.2967961165048543,-0.004670293758946936,0.006465592293534428,-0.948783065378666,0.005252891495274525,-0.002679296112881957,0.011364208062877879,-0.9434532009065151,0.0031577209048009535,0.0,1064.4933712258794
85,354793,16,1224,58.038544957791046,57.765312948172955,0.9820261437908496,0.017973856209150325,0.0,2.385191347753744,0.30971713810316137,636,56.58230761448871,55.43128107857989,0.9937106918238994,0.006289308176100629,0.0,2.3639240506329116,0.3201582278481012,588,59.62989710614206,60.26437737420188,0.9693877551020408,0.030612244897959183,0.0,2.4087719298245616,0.298140350877193,-0.0024273121875867166,0.00991107477748301,-0.9493798531591893,0.003493715826243715,-0.0005216419071199796,0.009475807371200063,-0.9596580252051353,0.0014250401218362184,0.0,1069.263888782266
86,358972,16,1203,63.10647919041516,62.65577174023111,0.9808811305070657,0.019118869492934332,0.0,2.4440677966101694,0.31346610169491523,625,62.36068265461104,65.01549814820532,0.9952,0.0048,0.0,2.454983922829582,0.32699356913183275,578,63.963873018073194,60.24947178473111,0.9653979238754326,0.03460207612456748,0.0,2.431899641577061,0.29838709677419356,-0.0031070531775402145,0.008735428639920429,-0.96467509791255,0.0034076142161666213,-0.001573228924714698,0.01100275298813358,-0.9550998963415622,0.00398515165070421,0.0,1073.9244471839484
87,363147,16,1214,57.56966999860996,59.43786874764507,0.9827018121911038,0.01729818780889621,0.0,2.411567476948868,0.3136797988264879,598,58.83294955121411,58.43415776690928,0.9899665551839465,0.010033444816053512,0.0,2.3378378378378377,0.32420608108108107,616,56.375444312225326,60.438288872706295,0.9756493506493507,0.024350649350649352,0.0,2.4841930116472546,0.30331114808652243,-0.0037633521981206286,0.007588192820549011,-0.9546773143112659,0.004639084174965546,-0.0023497761503250116,0.007785818687989376,-0.9666206389665604,0.0038959763284765357,0.0,1078.985495685964
88,367315,16,1210,57.80283167313295,59.79759103261044,0.9851239669421488,0.01487603305785124,0.0,2.4211409395973154,0.31428691275167786,624,57.268387087792014,56.99245555436437,0.9983974358974359,0.0016025641025641025,0.0,2.4125200642054576,0.32911717495987164,586,58.35667853714963,62.87035427733228,0.9709897610921502,0.02901023890784983,0.0,2.4305799648506152,0.29804920913884014,-0.004450287314206713,0.00753183559718309,-0.983249868452549,0.003959100315205433,-0.006212514499949906,0.00787435147794895,-0.9637916564941407,0.006495466460000899,0.0,1083.3010299667305
89,371491,16,1198,56.60830750756723,57.93154766968916,0.9707846410684474,0.02921535893155259,0.0,2.4402407566638007,0.3155116079105761,581,56.02065659521408,55.77914840659345,0.9810671256454389,0.0189328743545611,0.0,2.4771929824561405,0.3371228070175439,617,57.11639952717104,60.142916775609415,0.9611021069692058,0.03889789303079417,0.0,2.4047217537942664,0.2947386172006745,-0.0070433271744167695,0.015482620534021408,-0.9666538275778294,0.009051190342142945,-0.0063597268530079295,0.00750595626886934,-0.9727618351578713,0.005246746751993214,0.0,1087.086087036142
90,375666,16,1197,55.53195072570024,56.82486023051077,0.9816207184628237,0.018379281537176273,0.0,2.4595744680851066,0.31520851063829786,609,55.295235700371954,55.81714688807711,0.9885057471264368,0.011494252873563218,0.0,2.425249169435216,0.33435215946843855,588,55.78466000949666,57.83602464603496,0.9744897959183674,0.025510204081632654,0.0,2.4956369982547995,0.29509598603839443,-0.003413069588248163,0.009793694643303753,-0.9673672139644622,0.0032986011723266984,-0.007493113071195517,0.00755104543059133,-0.9756791844964028,0.007227487164163904,0.0,1090.971728360629
91,379836,18,1207,58.44934431398354,56.58933306751078,0.980115990057995,0.01988400994200497,0.0,2.4234995773457313,0.32144547759932374,600,57.440234341421544,57.637948032539576,0.9933333333333333,0.006666666666666667,0.0,2.4194630872483223,0.3344798657718121,607,59.41667584819106,55.519244758488234,0.9670510708401977,0.032948929159802305,0.0,2.4275979557069847,0.30821124361158436,-0.00031500534130659565,0.011199416519957595,-0.9823346018791199,0.00236771775755642,-0.004236173457129599,0.008579196268692612,-0.9835004769265652,0.008176048344103038,0.0,1092.8262566744643
92,384010,18,1220,58.37728763564478,55.34294864672847,0.9770491803278688,0.022950819672131147,0.0,2.384228187919463,0.3174832214765101,616,56.86342293040641,57.33915527339635,0.9935064935064936,0.006493506493506494,0.0,2.415032679738562,0.3341339869281046,604,59.98671190699454,53.3928590048351,0.9602649006622517,0.039735099337748346,0.0,2.3517241379310345,0.29991379310344823,-0.002921242232058785,0.013218402693746611,-0.9802742682397365,0.004107202914019581,-0.004646742272182802,0.01336722785490565,-0.977348054945469,0.005150641244927101,0.0,1097.1270646233675
93,388170,18,1195,60.80870721123486,60.18356437898968,0.9882845188284519,0.011715481171548118,0.0,2.4631668077900084,0.3217866215071973,617,59.114954432823545,58.672274241039055,0.9967585089141004,0.0032414910858995136,0.0,2.4699186991869917,0.33492682926829265,578,62.48010021699389,61.93116533851079,0.9792387543252595,0.020761245674740483,0.0,2.4558303886925796,0.3075088339222615,-0.008243799895345292,0.005985796783352271,-0.9860876806080341,0.005262639370994293,-0.004773564813510167,0.008095352907548658,-0.9955367632210255,0.005843351272051223,0.0,1101.3736516447125
94,392333,18,1155,57.163074069368214,57.4997749610883,0.9774891774891775,0.022510822510822513,0.0,2.5721877767936228,0.3254738706820195,620,56.39325545413199,56.758474217893486,0.9951612903225806,0.004838709677419355,0.0,2.5688816855753647,0.3407941653160454,535,58.10719123899755,58.309714661986334,0.9570093457943926,0.04299065420560748,0.0,2.576171875,0.30701171875,-0.004116542007864266,0.01144024224486202,-0.9891275689005852,0.00506144410755951,-0.002191610483967832,0.007649456892977469,-0.9924305252730846,0.004453201004525909,0.0,1105.4169469418512
95,396502,18,1173,60.361070227118596,60.18753433768815,0.9710144927536232,0.028985507246376812,0.0,2.510974539069359,0.3261896400351185,607,62.249451911861506,60.833524593050925,0.9884678747940692,0.011532125205930808,0.0,2.5616666666666665,0.34445,566,58.31366692681839,59.502462821324805,0.9522968197879859,0.04770318021201413,0.0,2.4545454545454546,0.3058627087198516,-0.007022511122857966,0.013473851690650917,-0.9856551952660084,0.006915835357929723,-0.0040452338435159165,0.011567155295051635,-0.9985926829278469,0.0049758176286559316,0.0,1108.707697388056
96,400659,18,1184,57.32594195121317,55.35106317313002,0.9695945945945946,0.030405405405405407,0.0,2.4642857142857144,0.31948606271777,573,57.91866386657659,56.673298712691306,0.9965095986038395,0.0034904013961605585,0.0,2.4413309982486866,0.33500875656742557,611,56.753177002697015,54.14673398741496,0.9443535188216039,0.05564648117839607,0.0,2.487001733102253,0.3041247833622184,-0.003450041589423236,0.008797056780895218,-0.9923266835510731,0.003782856853285921,-0.0019484964585583908,0.0179636255139485,-1.0165347896516324,0.003484106029682721,0.0,1112.751132974575
