update,global_step,episodes,reward_agent_0,reward_agent_1,agreement_rate,disagreement_rate,timeout_rate,rounds_to_agreement,gini,policy_loss_agent_0,value_loss_agent_0,entropy_agent_0,approx_kl_agent_0,policy_loss_agent_1,value_loss_agent_1,entropy_agent_1,approx_kl_agent_1,ent_coef,sps
1,4127,4127,23.306121777829976,23.300307422066844,0.5105403440755997,0.48945965592440027,0.0,1.0,0.19372297909066769,-0.018570657449323617,0.046109945559874174,-0.10485645877197385,0.005920684774932283,-0.015496711328798254,0.05505848191678524,-0.10331714255735278,0.005821520942595271,0.02,4424.642731015839
2,8254,4127,25.80097212875224,25.391764791854996,0.5415556094015023,0.4584443905984977,0.0,1.0,0.17083908431255337,-0.02896847761817219,0.046790442522615196,-0.22662332467734814,0.021081987993159145,-0.02924748184410878,0.04558681226335466,-0.22457925993949174,0.02037270991195328,0.019449733333333333,4363.695094051952
3,12381,4127,28.010328090025872,28.842078441493406,0.5863823600678459,0.4136176399321541,0.0,1.0,0.13666368456700426,-0.028845357056522063,0.04256710815243423,-0.340722669288516,0.014597900696651322,-0.026918476660556058,0.0441846841480583,-0.3366011954843998,0.013783331811725929,0.018899466666666666,4143.909362971127
4,16508,4127,32.79964990253751,32.04684183979196,0.659801308456506,0.3401986915434941,0.0,1.0,0.12079703957778565,-0.018399355274293684,0.04233376663178205,-0.44617849551141264,0.005859346862177972,-0.023526600221370052,0.040508381882682444,-0.44111100360751154,0.008180504207739147,0.0183492,4150.107417481939
5,20635,4127,33.609095189614614,32.407990439996816,0.6648897504240369,0.3351102495759632,0.0,1.0,0.11094506122675833,-0.01948305048103737,0.041419732151553035,-0.5231649052351713,0.006012183496784474,-0.020765359605909344,0.039601107593625784,-0.5226251468062401,0.0065543829927747765,0.017798933333333333,4184.947443164991
6,24762,4127,36.40995190398124,35.62712077690118,0.7291010419190695,0.27089895808093045,0.0,1.0,0.10146472301497055,-0.016408379892148252,0.03689690581522882,-0.5929261654615402,0.003051444921531754,-0.015497675903865,0.03510153226088732,-0.5904545240104199,0.0031401616791526974,0.017248666666666666,4114.446974171127
7,28889,4127,38.13770731758187,37.93999335772308,0.7625393748485583,0.23746062515144173,0.0,1.0,0.09455609044523643,-0.012041820795953418,0.033717572293244305,-0.6532061569392681,0.0018780651350006395,-0.0140036625771644,0.03376170212868601,-0.6519918985664844,0.0018602612312264455,0.016698400000000002,4005.7161483066348
8,33016,4127,38.31887846962529,38.305632920937576,0.7671432032953719,0.23285679670462806,0.0,1.0,0.087991679963169,-0.01244896021440387,0.03303117728792131,-0.7054306924343109,0.001967922002546629,-0.011375143785313693,0.032664433610625564,-0.704977422207594,0.0015366110600783856,0.016148133333333335,4054.6930439242105
9,37143,4127,40.135590127586596,40.01486467241022,0.7940392536951781,0.20596074630482192,0.0,1.0,0.0828882547882891,-0.010549434316132995,0.030604287749156356,-0.7521843641996384,0.0011205195130663981,-0.00974007099562164,0.03126205517910421,-0.7501251414418221,0.0009124300179735201,0.015597866666666666,4052.0813238701817
10,41270,4127,42.21860264864931,42.053320569147495,0.8226314514174945,0.17736854858250545,0.0,1.0,0.07827555826816739,-0.008825285059715282,0.027311141998507083,-0.792947567999363,0.0011594467765078775,-0.009880320090580907,0.027180722844786943,-0.7925095520913601,0.0007546514680399242,0.015047600000000001,4060.99264226149
11,45397,4127,41.17997077150266,41.317668044145826,0.8076084322752605,0.19239156772473953,0.0,1.0,0.07681748957216253,-0.00852940462921219,0.029326580977067352,-0.8303879283368587,0.0009191319822903666,-0.008073631981580587,0.029095138260163366,-0.8303693324327469,0.0009958205228183914,0.014497333333333334,4046.8773037041387
12,49524,4127,42.29549558171387,42.41881203294964,0.8269929731039496,0.1730070268960504,0.0,1.0,0.07202901410111297,-0.01006180489958001,0.026866863202303647,-0.8667926281690598,0.0008214493441940363,-0.00897816919727632,0.027177523239515722,-0.8645814687013627,0.0009097398751322317,0.013947066666666667,4069.0837085567514
13,53651,4127,43.00813347435063,42.52120634792076,0.8410467652047492,0.15895323479525078,0.0,1.0,0.07005730120855734,-0.008257171233982943,0.025521857710555197,-0.9012544944882392,0.00044145941752233854,-0.007417250633484973,0.02497139333281666,-0.8954917021095753,0.0014811836151281455,0.0133968,4090.551180860181
14,57778,4127,43.92528033764609,43.323288730477536,0.8444390598497699,0.1555609401502302,0.0,1.0,0.06842695523125342,-0.005855550765683573,0.02605252698995173,-0.929474887996912,0.0013378725096458766,-0.008055638576757007,0.024425930716097354,-0.9246561691164971,0.00039197785862299384,0.012846533333333333,4100.672151478016
15,61905,4127,43.928655240638015,43.89359481235171,0.8429852192876182,0.15701478071238187,0.0,1.0,0.06548607211146477,-0.007189361652215895,0.025373821938410403,-0.9549762770533562,0.0007772029739214759,-0.006593586856843898,0.02505814584437758,-0.9538555674254894,0.0003322387796337978,0.012296266666666666,4116.522700888783
16,66032,4127,44.50805924622592,44.556952247402926,0.8623697601163073,0.13763023988369275,0.0,1.0,0.06327375654986914,-0.005434000255433063,0.022138963383622468,-0.9794840715825558,0.000609272518440207,-0.006346334347469113,0.022622936125844716,-0.979062906652689,0.001067522790872033,0.011746,4073.924623483612
17,70159,4127,43.99985513260706,44.29634827720289,0.8451659801308457,0.15483401986915435,0.0,1.0,0.06167976309560231,-0.006293502093397993,0.02536287435796112,-1.0024259403347968,0.0013404302378271725,-0.006447900908115289,0.025545866694301367,-1.0022636234760285,0.00141770941022088,0.011195733333333333,4084.5738752104485
18,74286,4127,45.901150223756034,45.234645254457966,0.8657620547613278,0.13423794523867216,0.0,1.0,0.061269228817726305,-0.005216770796063058,0.023148722923360766,-1.0232545554637908,0.0005163778548718412,-0.005833785789358781,0.02270958577282727,-1.023842041194439,0.00046248349464690365,0.010645466666666667,4096.522587733022
19,78413,4127,45.60016342680152,44.75885212537483,0.8643082141991761,0.13569178580082383,0.0,1.0,0.05637059189230166,-0.0049510591252081345,0.023422293504700063,-1.044066233932972,0.0008393670006467957,-0.006087838606710419,0.022410419513471426,-1.046511259675026,0.0007163736578412738,0.0100952,4098.336965713495
20,82540,4127,46.29508993475458,45.72056191733169,0.8737581778531621,0.1262418221468379,0.0,1.0,0.05828439078680958,-0.004997946040115037,0.022757938504219054,-1.0629354014992713,0.0005541244856736682,-0.005518627064704332,0.021629878622479736,-1.0670921832323075,0.0005298829130268246,0.009544933333333335,4079.0462343671675
21,86667,4127,46.92173952264554,46.005834438812215,0.885146595590017,0.11485340440998304,0.0,1.0,0.05622869416730021,-0.005042076790782846,0.020074012386612595,-1.0821828082203866,0.0002479191437448236,-0.005814982955094483,0.020126307453028857,-1.0848941788077355,0.0024066470318047095,0.008994666666666666,4083.6475046311057
22,90794,4127,45.873715011124155,46.19561022547667,0.8696389629270657,0.13036103707293434,0.0,1.0,0.05406138798554228,-0.0030323383230097534,0.02195950902532786,-1.0995516061782837,7.819752843225558e-05,-0.004871129125779594,0.022315566940233112,-1.1009372025728226,0.0009947773686512563,0.008444400000000001,4093.1001886479253
23,94921,4127,46.82692262375433,47.0296659005834,0.8841773685485825,0.1158226314514175,0.0,1.0,0.05461423628327868,-0.003638251755323263,0.020613580965436994,-1.114282812178135,0.0005213305358376275,-0.003753947674298158,0.020990077732130887,-1.116696159541607,0.0004401876829483342,0.007894133333333333,4104.186407276656
24,99048,4127,47.25204508606335,46.50132403614459,0.8812696874242791,0.11873031257572086,0.0,1.0,0.05184694345080725,-0.0034902273268080488,0.020425236038863658,-1.1291223913431168,0.0005828488357223494,-0.003274137059951614,0.02089224096853286,-1.1319506779313087,0.00016087038484116078,0.007343866666666667,4092.2606658554464
25,103175,4127,47.187898552128665,46.44772934784009,0.8800581536224861,0.11994184637751393,0.0,1.0,0.05174208329279126,-0.002962604806619984,0.021407066937536003,-1.1433137252926826,6.9106656683382e-05,-0.0033804623383714453,0.020054008392617107,-1.1467869147658347,8.719287294685074e-05,0.0067936,4101.721069142527
26,107302,4127,46.997135690145434,46.7251275352759,0.8764235522171069,0.12357644778289315,0.0,1.0,0.05163183638963926,-0.0035335067025084044,0.021555126085877417,-1.157452455163002,0.000740174231889501,-0.004109757858661736,0.021277609351091086,-1.1617683559656142,0.0009922275778546207,0.006243333333333333,4102.694639209041
27,111429,4127,47.708396495431955,46.741489306172426,0.8899927307971892,0.11000726920281076,0.0,1.0,0.0512260873912621,-0.004200446977139172,0.019634194555692375,-1.171279112994671,0.0007537347235526681,-0.003154185292577609,0.019488511816598476,-1.1754377380013465,0.00014749597598753272,0.005693066666666666,4104.240220228274
28,115556,4127,47.768842407219026,47.092350639512404,0.8904773443179065,0.10952265568209353,0.0,1.0,0.04978033071689108,-0.0026753219252325664,0.01941459933295846,-1.1846707418560982,0.0004990318186030241,-0.0039393782923964425,0.01877963375300169,-1.189836399257183,0.00019747426895513342,0.005142800000000001,4110.393508624934
29,119683,4127,47.85480049889188,46.63568916210066,0.8914465713593409,0.10855342864065907,0.0,1.0,0.04894630074766485,-0.0025660861004756785,0.0194175107171759,-1.196611325442791,7.879845751470604e-05,-0.003258350309686264,0.0178494555526413,-1.2038618236780168,0.0002221175835128264,0.0045925333333333325,4094.0766870609755
30,123810,4127,48.120782884665616,47.24222705877792,0.8897504240368306,0.11024957596316937,0.0,1.0,0.048596430089748205,-0.0028418938569673424,0.019871480669826268,-1.2082359492778778,0.0009776604843521497,-0.004380029528147929,0.01920004573184997,-1.2176378861069679,0.0009379769311303576,0.004042266666666669,4096.758172781505
31,127937,4127,48.52018974897416,46.69214414542222,0.8844196753089412,0.11558032469105887,0.0,1.0,0.04756071760496021,-0.0036739095828603407,0.020720414095558227,-1.219570952653885,0.0015515291187458758,-0.0037166960527134306,0.01939782574772835,-1.2308352172374726,0.0009215155582931178,0.0034919999999999986,4104.488945182937
32,132064,4127,48.77942624370114,47.79712033413557,0.9040465228979888,0.09595347710201114,0.0,1.0,0.047872628979521825,-0.0030072886769162642,0.01789686457486823,-1.2309478506445886,8.529337639231471e-05,-0.0050146470933229905,0.016492104984354227,-1.241944320499897,0.0024524964543680026,0.002941733333333335,4104.566126625213
33,136191,4127,48.70818565869218,47.313269457957226,0.8977465471286649,0.10225345287133511,0.0,1.0,0.04572341054767579,-0.0026863353462184157,0.01857345924945548,-1.2428377911448478,0.0004277522809983392,-0.0030708262944428412,0.017092894588131458,-1.2533659756183624,0.00038779471898369166,0.0023914666666666647,4098.733751296796
34,140318,4127,48.985881988225046,47.43874588060887,0.893869638962927,0.10613036103707293,0.0,1.0,0.04617600911497313,-0.0019184456617502969,0.019195566256530582,-1.25323436409235,5.036072640842715e-05,-0.003115214599851579,0.018040325096808373,-1.2653728678822518,0.00041817939451800347,0.0018412000000000012,4100.939571903541
35,144445,4127,50.0853052177421,47.94045176300561,0.9076811243033681,0.09231887569663194,0.0,1.0,0.045575976563533786,-0.003022795682185797,0.017913716030307114,-1.263957779109478,0.00011761627195117086,-0.004243560712517508,0.01624391886871308,-1.2754679545760155,0.0023811587854311255,0.0012909333333333342,4107.414879205254
36,148572,4127,49.6639287609124,47.5622162571412,0.8960503998061546,0.10394960019384542,0.0,1.0,0.044641424481806496,-0.0029674190994858907,0.019234998791944236,-1.275742794573307,0.0008816376713092656,-0.002272347000840458,0.018361362104769796,-1.2847528636455536,0.00026355304511973545,0.0007406666666666673,4098.7869419425615
37,152699,4127,49.385364442227605,47.869097693471666,0.9047734431790647,0.09522655682093531,0.0,1.0,0.044577869556323056,-0.002564275451430553,0.018327124521601946,-1.286415934562683,0.0002704030103704458,-0.002446926380202752,0.017022612004075198,-1.2949435144662857,4.2525813624116895e-05,0.0001904000000000003,4098.687332928434
38,156826,4127,49.68147431040786,48.22624629961093,0.9084080445844439,0.09159195541555609,0.0,1.0,0.04337768798466848,-0.00322802789180395,0.017136300716083498,-1.2965139612555503,0.0014254088989398505,-0.0029862535856840454,0.015862737130373717,-1.3055910810828208,0.00020129053871613677,0.0,4090.249676749315
39,160953,4127,49.717235917641155,48.08041533526539,0.903319602616913,0.096680397383087,0.0,1.0,0.043726151401250045,-0.0031851447852651524,0.017755311680957675,-1.3069160252809524,0.0007554147126400679,-0.0020994410848272776,0.016850418969988824,-1.3155345991253853,0.00028035861787689687,0.0,4092.245502865011
40,165080,4127,49.715404125119214,48.72405568329223,0.909619578386237,0.09038042161376303,0.0,1.0,0.042009933952901604,-0.0019545466891956937,0.016760188294574617,-1.3168987721204757,4.933526215538109e-05,-0.0022653141692388855,0.015694856108166278,-1.324644100666046,3.954784959532276e-05,0.0,4096.329951461857
41,169207,4127,49.63362115907292,49.114684467795776,0.9086503513448025,0.09134964865519749,0.0,1.0,0.04322998262045312,-0.002355353490190538,0.016329166549257933,-1.32579116076231,0.0005271669099431442,-0.0019955398357316746,0.017145374813117085,-1.3335547879338265,0.00043264533877103163,0.0,4097.366876999587
42,173334,4127,49.5180853403414,49.11517003811668,0.9055003634601405,0.09449963653985946,0.0,1.0,0.040868797993027485,-0.002421753170075516,0.01777709819143638,-1.3350352466106414,0.0006574122329856324,-0.001843652665511486,0.017251252953428775,-1.3418521836400032,6.763817916413117e-05,0.0,4089.712459939673
43,177461,4127,49.830802873824645,49.215749804405114,0.9088926581051612,0.09110734189483886,0.0,1.0,0.04111206929873504,-0.0019728846329191917,0.016380434460006654,-1.3438721165060996,0.00013470420130232697,-0.001987052044570872,0.016039886325597764,-1.3504228353500367,3.7810430673623777e-05,0.0,4095.0214948232233
44,181588,4127,49.8935354366754,48.69116540615546,0.9110734189483887,0.08892658105161134,0.0,1.0,0.041217234218545395,-0.0023992967330988767,0.01598684274358675,-1.3524471700191498,0.0005470804693590737,-0.001986263534023011,0.015574400196783245,-1.3587917134165763,0.00024962043540996957,0.0,4097.806422241467
45,185715,4127,50.39956529527625,48.99238895989892,0.9110734189483887,0.08892658105161134,0.0,1.0,0.03986881505518371,-0.003113402557136691,0.01683226911118254,-1.3614248916506768,0.0012138539739300568,-0.0022222818892550953,0.015757518354803324,-1.3655890241265296,0.0014793107574538888,0.0,4101.261446543236
46,189842,4127,49.18763334093485,49.00943472888737,0.9030772958565544,0.0969227041434456,0.0,1.0,0.0404953077199489,-0.0022929199192888382,0.01665672941599041,-1.369849008321762,0.0005388766680020751,-0.0018276207819126812,0.018023372162133455,-1.3721236005425452,0.00046543012955879703,0.0,4092.3912313079195
47,193969,4127,49.61691094039695,50.150113544514475,0.918342621759147,0.08165737824085292,0.0,1.0,0.040104791709797825,-0.001971235338379407,0.014916085533332079,-1.3779103234410286,0.0002745885169945561,-0.002194422704658844,0.015187169169075787,-1.3799614951014518,0.0003840157890036888,0.0,4080.537841747478
48,198096,4127,49.89399464772948,49.62499696031725,0.9103464986673128,0.08965350133268718,0.0,1.0,0.03977091606906951,-0.001800797281459765,0.01594815180869773,-1.3855701878666877,0.00022356066523485652,-0.0017495675000086086,0.016175753576681016,-1.388008825480938,0.00014789354968902657,0.0,4077.801793947487
49,202223,4127,49.516837526564196,49.55629963117163,0.9057426702204991,0.09425732977950085,0.0,1.0,0.03879517122563268,-0.002621848387807013,0.017783395934384317,-1.3934668391942977,0.0011484848395767245,-0.002811509133293666,0.015924829966388644,-1.3962489873170854,0.0010476554229292168,0.0,4075.144057598917
50,206350,4127,50.31741131573834,50.28130996471127,0.920281075842016,0.07971892415798401,0.0,1.0,0.03843094173217096,-0.0026056708955413677,0.013748436304740607,-1.4007325708866118,0.0010202849083810416,-0.002014666263953013,0.014985218306537717,-1.4039276182651519,0.00038981600462409947,0.0,4076.4942448210586
51,210477,4127,50.02812628085766,49.63481082006733,0.9122849527501817,0.08771504724981827,0.0,1.0,0.038617634012902344,-0.0016471335452176382,0.01586000353563577,-1.408224557340145,2.322211421699194e-05,-0.002016264731736328,0.015287730318959802,-1.4117159619927406,8.347065889822148e-05,0.0,4067.706109886748
52,214604,4127,50.39865699148133,49.44426243024917,0.9181003149987884,0.08189968500121153,0.0,1.0,0.03838371805242678,-0.0018327921356337206,0.01452877838164568,-1.4155412569642067,0.00016257252291991265,-0.0019194576803979568,0.014391748723573983,-1.419505774974823,0.00014978423843565737,0.0,4072.061990837541
53,218731,4127,50.411641937542605,49.82466911748956,0.9156772473952023,0.08432275260479767,0.0,1.0,0.03778299011286061,-0.0014958985514599565,0.01588271327782422,-1.4227523520588874,4.7242553391763084e-05,-0.0013219352774249903,0.015496157493907958,-1.4266334086656571,2.0203614895386578e-05,0.0,4075.3771460779876
54,222858,4127,50.856118321316565,50.34656228182209,0.9219772231645262,0.0780227768354737,0.0,1.0,0.03641916204921063,-0.0018154274959522709,0.015246808307711034,-1.4299005791544914,0.00033112690311121185,-0.0020580565963978113,0.01367885994259268,-1.4327066078782082,0.0009403091576929423,0.0,4076.8844483426765
55,226985,4127,50.173666418652566,49.92888504835446,0.9113157257087473,0.08868427429125272,0.0,1.0,0.03716932621300667,-0.0016381518046696352,0.016664865124039353,-1.4370363801717758,0.00035068023555797636,-0.0015748874658044088,0.015456953854300081,-1.4391113996505738,0.00023237665710453825,0.0,4068.041410863199
56,231112,4127,50.80948038322088,50.22828617685591,0.9260964380906227,0.07390356190937727,0.0,1.0,0.03659123792971245,-0.002903851658849499,0.013463872845750301,-1.4431022867560386,0.001813246470092622,-0.0020249270982844792,0.01295426208525896,-1.4455239817500114,0.0006659722923871847,0.0,4061.5436367776565
57,235239,4127,50.22113718570308,50.53956655746639,0.9159195541555609,0.08408044584443906,0.0,1.0,0.03680379888888823,-0.0014968813507164752,0.014947408076841385,-1.4485908970236778,0.0005626332602168937,-0.002781087166716474,0.015783585410099478,-1.4525029838085175,0.0012926788711163483,0.0,4062.6472795712257
58,239366,4127,50.665291032082465,50.29581399256544,0.919069542040223,0.08093045795977707,0.0,1.0,0.03645525248640894,-0.0012607999200247467,0.01475888310233131,-1.4542640268802642,2.164822190615645e-05,-0.0014598141050587376,0.015181633830070495,-1.4590800628066063,4.162283217226115e-05,0.0,4060.7144410418264
59,243493,4127,50.77738964744729,49.849388768236544,0.9122849527501817,0.08771504724981827,0.0,1.0,0.03661003807859444,-0.001577309427582263,0.015545002545695751,-1.4606191679835319,0.00038415258233890915,-0.00176796952181284,0.014841615688055754,-1.4658478558063508,0.0003431862728593582,0.0,4058.6382093330844
60,247620,4127,50.91921556344172,50.45525150532262,0.919069542040223,0.08093045795977707,0.0,1.0,0.03589169000893414,-0.0013633324618930367,0.014535990997683258,-1.4669045388698578,4.227021800293218e-05,-0.0014680521821933302,0.014294562139548361,-1.4724113017320632,2.7377255344573914e-05,0.0,4054.3252207965797
61,251747,4127,51.111331543918105,50.88615176918462,0.9234310637266779,0.07656893627332202,0.0,1.0,0.034914629657035276,-0.0016462156586273691,0.014335167384706438,-1.4733314678072928,0.00019052211788912478,-0.001369947688545721,0.013515518640633672,-1.4784617573022842,0.0001552439513469839,0.0,4057.033821423633
62,255874,4127,51.56321914297229,50.760081427597285,0.9287618124545675,0.07123818754543251,0.0,1.0,0.035635178486271867,-0.0024264813870997852,0.013667607214301825,-1.4793800368905068,0.0013477098461503801,-0.002247371595098124,0.013286805746611207,-1.4838475465774537,0.0013284523301575035,0.0,4057.820891048504
63,260001,4127,50.76467567974357,49.96739414497563,0.9101041919069542,0.0898958080930458,0.0,1.0,0.034918014004076764,-0.0031845319077323775,0.01646552518941462,-1.4854851692914963,0.0017522421550470568,-0.003885355753002673,0.015751497983001173,-1.490034818649292,0.0021524341000759505,0.0,4056.8162034945826
64,264128,4127,51.759370231705084,51.40467139086954,0.9309425732977951,0.069057426702205,0.0,1.0,0.03489599083482264,-0.0022816112904142185,0.013191898970399052,-1.4908531531691551,0.0011136124160948668,-0.0015496594022152365,0.013082479580771179,-1.4958588868379592,0.00022143607248281683,0.0,4044.1563507909345
65,268255,4127,50.90168046710771,50.513218657832844,0.912769566270899,0.08723043372910104,0.0,1.0,0.03443393791180793,-0.0014547130890557702,0.015691637725103645,-1.496537384390831,0.0006196850345357551,-0.00348840720630426,0.01525748047279194,-1.5023518949747086,0.00188791336170695,0.0,4039.832567245058
66,272382,4127,51.610932596652056,50.55956166316728,0.9275502786527744,0.07244972134722559,0.0,1.0,0.03434706917422865,-0.0012886217268196609,0.013942678994499146,-1.5020137116312982,8.424050439581332e-05,-0.0010142805060844972,0.013976251683197915,-1.5078242033720017,1.0647909753247475e-05,0.0,4042.929106218286
67,276509,4127,51.399993763396765,50.88330903048561,0.9357887085049673,0.06421129149503271,0.0,1.0,0.034298148687630425,-0.002775762301656895,0.012662258034106344,-1.5072505339980125,0.0017119525205238294,-0.0029924578232323725,0.012320422381162644,-1.512840700149536,0.0018080545611088184,0.0,4044.9109331816376
68,280636,4127,51.12103740631739,49.928993644082,0.9185849285195057,0.0814150714804943,0.0,1.0,0.03451539406898302,-0.002547403977116358,0.015356701135169714,-1.5129282027482986,0.0013477375765523548,-0.001223690124306598,0.014606481674127281,-1.5182445079088212,0.0002695789736532728,0.0,4042.5251964838685
69,284763,4127,51.9980639700506,50.77865680559974,0.9309425732977951,0.069057426702205,0.0,1.0,0.03500389316775467,-0.0035742332087789095,0.01348054250702262,-1.5178374379873276,0.0024237300568304533,-0.0016849346449078761,0.01239870865829289,-1.5233342513442039,0.0006215220445465519,0.0,4039.2525634028757
70,288890,4127,50.95989722443238,50.582659475105324,0.9110734189483887,0.08892658105161134,0.0,1.0,0.033592006587891875,-0.005187071826507394,0.01588124764384702,-1.5231824412941932,0.002712905487827566,-0.0025790669890487896,0.0157785005052574,-1.5290280818939208,0.001377083120574607,0.0,4041.203813947532
71,293017,4127,51.24013501681833,51.18922401454446,0.9328810273806639,0.06711897261933608,0.0,1.0,0.03343565351217396,-0.001648124297753384,0.013028767227660864,-1.527616272866726,0.0008801331169421195,-0.0015385872533144912,0.012352477665990591,-1.5341563373804092,0.00037695280509133513,0.0,4043.4214962827687
72,297144,4127,51.61456822107891,50.197118104957546,0.9164041676762782,0.08359583232372184,0.0,1.0,0.033434162292672646,-0.001068513603268062,0.015755334694404155,-1.5324795365333557,0.00022981423117114376,-0.00301626237840162,0.014743733429349959,-1.5401029199361802,0.0016780439103484923,0.0,4044.2320728400855
73,301271,4127,52.29725007529534,51.343545236470504,0.937242549067119,0.06275745093288103,0.0,1.0,0.0335189680367062,-0.002096244786186985,0.012105447007343173,-1.5371399909257888,0.001091770050762042,-0.003957866375767588,0.01177344205789268,-1.544525821506977,0.0027293499686969367,0.0,4041.2257163692125
