first,second,payoff_first,payoff_second,share_first,share_second,agreement_rate,rounds_to_agreement
mlp_seed0_agent_0,mlp_seed0_agent_0,60.75055357348121,62.14067596008286,0.5036,0.4964,1.0,1.615
mlp_seed0_agent_0,mlp_seed0_agent_1,59.61274229604978,62.76772555322126,0.49555,0.50445,1.0,1.65
mlp_seed0_agent_0,gru_seed0_agent_0,59.31507802184671,61.81970257649985,0.49835,0.50165,1.0,1.84
mlp_seed0_agent_0,gru_seed0_agent_1,59.60025331537675,61.51273230249863,0.49979999999999997,0.5002,1.0,1.97
mlp_seed0_agent_0,rubinstein,59.38756408443001,65.10113704597296,0.48655000000000004,0.51345,1.0,1.295
mlp_seed0_agent_0,conceder,22.8410690882243,24.87928836435209,0.48414999999999997,0.50085,0.985,19.6751269035533
mlp_seed0_agent_0,hardball,12.87634012217808,11.729249173036642,0.2863,0.2437,0.53,20.0
mlp_seed0_agent_0,random,75.50595252059772,43.30333773826223,0.64405,0.35595,1.0,2.13
mlp_seed0_agent_1,mlp_seed0_agent_1,59.845332792777754,61.24125450755278,0.5038,0.4962,1.0,1.835
mlp_seed0_agent_1,gru_seed0_agent_0,59.0025807642439,61.89946216725084,0.49634999999999996,0.50365,1.0,1.88
mlp_seed0_agent_1,gru_seed0_agent_1,59.322128308463,62.40935967137473,0.49810000000000004,0.5019,1.0,1.77
mlp_seed0_agent_1,rubinstein,59.42190917537122,65.2866456114627,0.4858,0.5142,1.0,1.29
mlp_seed0_agent_1,conceder,22.919518844558624,26.219335726617572,0.47615,0.51885,0.995,19.407035175879397
mlp_seed0_agent_1,hardball,12.826083082329628,11.704531081359141,0.28575,0.24425,0.53,20.0
mlp_seed0_agent_1,random,75.38209785135832,44.82054622784186,0.63335,0.36665,1.0,1.92
gru_seed0_agent_0,gru_seed0_agent_0,59.354891650073576,62.02584787701506,0.4978,0.5022,1.0,1.835
gru_seed0_agent_0,gru_seed0_agent_1,59.35287281053142,61.28793996868107,0.5,0.5,1.0,1.94
gru_seed0_agent_0,rubinstein,59.54202021200761,64.76298273670558,0.48829999999999996,0.5117,1.0,1.35
gru_seed0_agent_0,conceder,22.928878410940797,26.305589655932398,0.47715,0.5228499999999999,1.0,19.47
gru_seed0_agent_0,hardball,12.593521596591863,12.143622243953585,0.2788,0.25120000000000003,0.53,20.0
gru_seed0_agent_0,random,77.81527457860358,41.86524587911306,0.6562,0.34380000000000005,1.0,1.915
gru_seed0_agent_1,gru_seed0_agent_1,59.867913513151215,61.899200275370546,0.5014500000000001,0.49855,1.0,1.835
gru_seed0_agent_1,rubinstein,59.56047043846735,65.03974219032887,0.4875,0.5125,1.0,1.285
gru_seed0_agent_1,conceder,22.52130530573749,27.222093354393266,0.46240000000000003,0.5376,1.0,19.26
gru_seed0_agent_1,hardball,13.071773485814584,11.565009977292734,0.28905000000000003,0.24095,0.53,20.0
gru_seed0_agent_1,random,76.5692573516084,44.25428286248729,0.6426999999999999,0.35729999999999995,1.0,1.76
rubinstein,rubinstein,62.057502489416095,64.51008942769664,0.49939999999999996,0.5006,1.0,1.0
rubinstein,conceder,23.203306457742674,24.527556925181408,0.4959,0.5041,1.0,20.0
rubinstein,hardball,14.453125489260326,33.32248063528762,0.3173,0.6827,1.0,20.0
rubinstein,random,77.82926376717911,43.09550853713956,0.6524,0.34759999999999996,1.0,1.76
conceder,conceder,23.441550502586367,24.272610023875618,0.5012,0.4988,1.0,20.0
conceder,hardball,14.691369534104014,33.06753373398183,0.3226,0.6774,1.0,20.0
conceder,random,102.03786985132854,10.561575860256955,0.90545,0.09455,1.0,3.155
hardball,hardball,23.744643238164187,23.379551484362036,0.524,0.47600000000000003,1.0,20.0
hardball,random,102.4992673309639,11.778475174998254,0.9006000000000001,0.09939999999999999,1.0,2.83
random,random,59.39116193384803,60.94628391720837,0.5061,0.4939,1.0,2.06
