generation,round,population,births,deaths,mean_generosity,generosity_std,wealth_gini,total_wealth,agreement_rate,rounds_to_agreement,mean_price,mean_lineage
1,5,9,1,0,0.6010910353076363,0.11840193429334572,0.13324361416186112,122.97272869752408,1.0,2.2,0.6280077272384185,0.1111111111111111
2,10,11,2,0,0.5090297750218047,0.06455945025649434,0.1101077802085665,153.26052236585005,1.0,2.608695652173913,0.6643643237717011,0.2727272727272727
3,15,14,3,0,0.4744194542046724,0.14393898535188085,0.15643012202684403,177.03085936146667,1.0,2.0,0.49071916376028474,0.42857142857142855
4,20,15,1,0,0.5201622736545242,0.08869322602949722,0.16255889130630868,197.14822370655568,1.0,1.6571428571428573,0.46242552762413314,0.4666666666666667
5,25,15,0,0,0.48616749302528445,0.12125343988972347,0.17220105411141778,204.15921773376243,1.0,2.0285714285714285,0.5067727606663004,0.4666666666666667
6,30,18,3,0,0.49647243153303866,0.15581980790296376,0.18792665512084128,212.9404832771071,1.0,1.8048780487804879,0.5041902620439915,0.6666666666666666
7,35,20,2,0,0.4658836635403839,0.134110790569499,0.23410453151709562,218.9772120313045,1.0,2.022222222222222,0.38578324090864596,0.75
8,40,22,2,0,0.5208331084765848,0.1376271536627729,0.2236591230216584,229.7501786585485,1.0,1.64,0.4209409896129135,0.7727272727272727
9,45,20,0,2,0.5188134001616341,0.11906721462614044,0.17716854328260434,232.27570486092856,1.0,1.9444444444444444,0.3577629750433334,0.75
10,50,21,1,0,0.479160810090976,0.1105253475353978,0.16697042767845877,229.33138266278797,1.0,2.14,0.4085059234503036,0.8095238095238095
11,55,21,0,0,0.5693190079799044,0.13497045155350834,0.19509685369978177,236.11472433709184,1.0,1.72,0.3918716191992695,0.8095238095238095
12,60,21,0,0,0.4991980867722238,0.12302370233413465,0.1915970946530498,248.68248727309265,1.0,1.98,0.39081803360709316,0.8095238095238095
13,65,24,3,0,0.5208933194544877,0.12792900657206763,0.17080341328942092,261.7457614785602,1.0,1.9454545454545455,0.3636523035884257,0.9166666666666666
14,70,24,0,0,0.5121278486887201,0.1247467071424785,0.20055680873409434,250.9364399554945,1.0,1.5666666666666667,0.3763548878929288,0.9166666666666666
15,75,24,0,0,0.460076069068681,0.13568606436611455,0.23319066447235462,230.95689993564258,1.0,1.7666666666666666,0.41913381723465803,0.9166666666666666
16,80,23,0,1,0.5211057090662449,0.13196360588847678,0.2587906271964865,235.0896368696754,1.0,2.232142857142857,0.3554256813156997,0.9130434782608695
17,85,24,2,1,0.5482077118394275,0.09898726662465954,0.1783271243596978,231.71899358441806,1.0,2.103448275862069,0.43805244041864805,0.9166666666666666
18,90,24,0,0,0.519564103521961,0.10411102930375764,0.1796766620666336,242.1543153730787,1.0,1.5833333333333333,0.35679163067087105,0.9166666666666666
19,95,25,1,0,0.5481342725322715,0.11028741412346693,0.1916446487664655,237.9931535876308,1.0,2.1333333333333333,0.34585238979057215,1.0
20,100,25,0,0,0.49684498399602517,0.13421150765349874,0.18973559809084906,228.1600655019506,1.0,1.9833333333333334,0.40774007829936587,1.0
21,105,26,1,0,0.4821860983060339,0.12390533722369561,0.22047904582941513,217.8113019852568,1.0,1.6984126984126984,0.3227794824664436,1.0769230769230769
22,110,26,0,0,0.5122998204877116,0.10144949277603921,0.27146813565322725,210.36439340821147,1.0,1.9846153846153847,0.3408683058819785,1.0769230769230769
23,115,25,0,1,0.49061161871784587,0.10580128258696835,0.2880232759626543,198.53405873524346,1.0,1.7076923076923076,0.3615204694287382,1.08
24,120,23,0,2,0.540694781730188,0.13908072724554532,0.3128132945365937,178.18197746373548,1.0,2.1,0.3398336029608599,1.173913043478261
25,125,23,0,0,0.4919119751560994,0.11356115521609769,0.32827564341841736,180.8397452372054,1.0,1.7454545454545454,0.302305417395019,1.173913043478261
26,130,22,0,1,0.5101422022178179,0.11661539263938539,0.3050061624057093,182.66296093562005,1.0,2.1636363636363636,0.37889541570031193,1.1818181818181819
27,135,20,0,2,0.4264119425740141,0.07648202490791106,0.2900480975739101,182.64781274155476,1.0,2.156862745098039,0.35290377990887123,1.2
28,140,20,0,0,0.48877515240882835,0.14956410569075973,0.2557132744526169,189.54440504407557,1.0,1.94,0.40623047903460857,1.2
29,145,20,0,0,0.5156348180271212,0.12705732385054763,0.28241355996873996,197.0439999167246,1.0,2.32,0.3245241101876868,1.2
30,150,20,0,0,0.5017282611687875,0.10228080441791657,0.2904824894776259,192.50309748330565,1.0,2.02,0.35900443322244735,1.2
31,155,21,1,0,0.515141909553019,0.12271354668077192,0.3218464594329294,196.19537328955957,1.0,1.92,0.35115706964600674,1.3333333333333333
32,160,21,2,2,0.478410803776246,0.12115901971488222,0.2563439098697929,205.80712401285479,1.0,2.1346153846153846,0.4010791459714723,1.4285714285714286
33,165,21,1,1,0.4828130055440678,0.12929657140136888,0.21273024254232456,222.2584125949372,1.0,2.1538461538461537,0.31158273964188504,1.4761904761904763
34,170,23,2,0,0.5004219139651688,0.10740961118686478,0.1975226231773415,220.20868746792652,1.0,2.4150943396226414,0.3715231477588753,1.5217391304347827
35,175,23,0,0,0.4802565784585001,0.10547506527077903,0.22151546300016647,218.08366919108784,1.0,1.6363636363636365,0.33891711567456606,1.5217391304347827
36,180,23,0,0,0.48187610201159675,0.09158618605104919,0.2681832143990262,210.82694158200547,1.0,2.290909090909091,0.359095478923018,1.5217391304347827
37,185,22,0,1,0.4757647873077919,0.1226898120219552,0.2296113528787345,207.90109037694845,1.0,1.8,0.35822987250565785,1.5
38,190,23,1,0,0.5171409905273978,0.13192683751199752,0.22362959517116446,218.15696124260944,1.0,2.1636363636363636,0.3553411654937003,1.565217391304348
39,195,23,0,0,0.5060211816438913,0.10295288750760273,0.2183217364093613,228.57507244766333,1.0,1.9636363636363636,0.32857512167422354,1.565217391304348
40,200,23,0,0,0.5176209692757774,0.11910331641090613,0.21630432344396938,237.16127248411348,1.0,1.8545454545454545,0.3489934246784978,1.565217391304348
41,205,23,1,1,0.5443828432644685,0.1120575557362992,0.17686247311535827,252.93988952436519,1.0,2.0727272727272728,0.29532293346790595,1.565217391304348
42,210,24,1,0,0.47263636846494456,0.13257044559161382,0.17466017108686027,251.0827009358881,1.0,2.086206896551724,0.3744861711558266,1.6666666666666667
43,215,24,0,0,0.5244026138129393,0.11100489019709449,0.16909638551493278,251.02998689010738,1.0,1.9,0.33680760783733094,1.6666666666666667
44,220,23,0,1,0.4646915570344952,0.1176849743897813,0.18109167933278178,242.2985407499289,1.0,1.9824561403508771,0.39317515478878373,1.6521739130434783
45,225,23,0,0,0.5127348740224574,0.1609615697090528,0.20882081404849095,235.27979020888512,1.0,1.9454545454545455,0.35237886221285564,1.6521739130434783
46,230,23,0,0,0.5393814082155255,0.12237044932429489,0.22012251257512888,234.51682823743658,1.0,1.8909090909090909,0.3363303864138784,1.6521739130434783
47,235,23,0,0,0.5147799936771711,0.13235015354070878,0.28298108018513096,224.25862599245752,1.0,2.272727272727273,0.3772890734409329,1.6521739130434783
48,240,23,0,0,0.5061389596912987,0.15731904076683315,0.31347836781162586,212.74137148692634,1.0,1.981818181818182,0.3566767258884718,1.6521739130434783
49,245,22,0,1,0.4968182435638435,0.11686213656233561,0.30475078274785455,216.63934061903458,1.0,2.0727272727272728,0.3295980652466011,1.6818181818181819
50,250,21,1,2,0.5156143771550052,0.12529299192421622,0.2468909830552032,216.07688255551625,1.0,1.8888888888888888,0.3776322045242877,1.8571428571428572
51,255,21,0,0,0.5151246396761362,0.12317845392623093,0.2622510968445367,222.02982596194786,1.0,2.04,0.3242344655086072,1.8571428571428572
52,260,20,1,2,0.44694363158935346,0.10903744413246892,0.18277515321982202,216.71255985973355,1.0,1.9375,0.4039619837634582,1.95
53,265,21,1,0,0.4938713236170865,0.08687520309286509,0.18916831705236795,218.3626468984776,1.0,1.96,0.34570935995939295,2.0476190476190474
54,270,21,0,0,0.5284012442230841,0.09152428673780492,0.20682727290046596,233.6571337217104,1.0,2.04,0.3584308487811264,2.0476190476190474
55,275,23,2,0,0.500972313539516,0.10733735087532517,0.2051186392253251,232.14666749297766,1.0,1.9814814814814814,0.3766021130987847,2.130434782608696
56,280,24,1,0,0.5173594264845282,0.09264704721020255,0.21147338103431185,240.86385793777958,1.0,2.018181818181818,0.37095049520763984,2.25
57,285,24,0,0,0.5128433448522446,0.10319676800636632,0.27140584372796744,238.82370502225092,1.0,2.0166666666666666,0.3507017474544355,2.25
58,290,23,1,2,0.5139251252651096,0.12967617576998533,0.2192875231253338,228.48177974694963,1.0,2.0,0.3825808928006651,2.347826086956522
59,295,23,0,0,0.5050606197578572,0.1469265316122565,0.21882226181249892,226.46051925915228,1.0,1.7818181818181817,0.4571436577457778,2.347826086956522
60,300,23,0,0,0.49029988616968345,0.09132349056873369,0.26777328265701555,219.2579053621494,1.0,2.1818181818181817,0.32789635997954997,2.347826086956522
61,305,22,0,1,0.45471169844763365,0.13635992964621227,0.2629313517084519,212.1593283155652,1.0,1.7636363636363637,0.39255526469271806,2.272727272727273
62,310,22,0,0,0.49441275930524,0.1278648508780937,0.29817672043785187,217.7469285126835,1.0,1.8545454545454545,0.4170513924777312,2.272727272727273
63,315,23,1,0,0.4887943213419858,0.1034094524805241,0.27438700950121664,223.42110664605468,1.0,2.018181818181818,0.36900962803867576,2.3043478260869565
64,320,24,1,0,0.4803147449250693,0.11082568230253306,0.2775981555147236,217.51896224174666,1.0,2.0508474576271185,0.34419367291017916,2.4166666666666665
65,325,23,0,1,0.49147329859510813,0.12486876610552479,0.3052250834179566,214.04990153515905,1.0,2.210526315789474,0.41058172222463396,2.347826086956522
66,330,24,2,1,0.5252277056031456,0.10132879641117622,0.239443796321559,215.88565147868837,1.0,1.9830508474576272,0.36107613690340695,2.4166666666666665
67,335,23,0,1,0.5097850798469077,0.12565687487073487,0.2474890639805034,200.48008282792188,1.0,1.9827586206896552,0.3602369124574468,2.4782608695652173
68,340,23,0,0,0.5025294060822065,0.1127471682459473,0.2608379434219319,185.9837298241397,1.0,1.981818181818182,0.35784282595660866,2.4782608695652173
69,345,23,0,0,0.4724376631194945,0.13235300089675206,0.3035758252257709,195.78521169279608,1.0,1.9272727272727272,0.3641082767005323,2.4782608695652173
70,350,23,1,1,0.5107203524156901,0.09913230322450813,0.2776711331219765,198.36538082035426,1.0,1.9298245614035088,0.3577151467291932,2.391304347826087
71,355,23,0,0,0.4975102686363717,0.11792614650742617,0.23619005854879324,199.06675937604174,1.0,1.8909090909090909,0.3734787370623459,2.391304347826087
72,360,23,0,0,0.49213799457506047,0.10648620697765682,0.28178334920024206,196.18822308573553,1.0,2.090909090909091,0.37347021981208206,2.391304347826087
73,365,23,0,0,0.5337968570830042,0.10921569845137458,0.320803518560447,197.19229268601313,1.0,1.7636363636363637,0.4067648203034152,2.391304347826087
74,370,23,0,0,0.5247366079709669,0.11873529823528475,0.2965581934099389,191.39552618494503,1.0,2.018181818181818,0.3654263055450149,2.391304347826087
75,375,22,0,1,0.48393251873845894,0.11344591166266726,0.3022862733441438,199.5149748979153,1.0,2.0727272727272728,0.3852241884146506,2.272727272727273
76,380,21,0,1,0.5133090068779693,0.1274509086275851,0.27567872257268716,207.7447320002148,1.0,1.9019607843137254,0.37342480873564743,2.3333333333333335
77,385,21,0,0,0.49870307250504503,0.09567683134824329,0.29014620636227834,219.0128255986245,1.0,2.16,0.4105013961613986,2.3333333333333335
78,390,22,2,1,0.477242051286694,0.12888741880780588,0.24216389642670338,217.93946936138866,1.0,2.074074074074074,0.3632825904088333,2.272727272727273
79,395,23,1,0,0.4896515945263267,0.11492842766007295,0.25512346169789824,221.94141855531078,1.0,2.109090909090909,0.39322094541790137,2.347826086956522
80,400,24,2,1,0.5074965403044507,0.1044015950259697,0.248814420928681,222.55902136974444,1.0,2.0338983050847457,0.3025201887865735,2.4166666666666665
81,405,22,0,2,0.5142909530334283,0.12573894204030378,0.1793531627942908,221.1285896296693,1.0,2.0714285714285716,0.33832305281255853,2.3636363636363638
82,410,23,1,0,0.5052519203265878,0.11095782902348988,0.19062978059831534,230.00498111461573,1.0,2.0727272727272728,0.4629968069416508,2.391304347826087
83,415,22,0,1,0.5346959676207902,0.1102173217332764,0.16833092139102682,231.8063639713897,1.0,2.109090909090909,0.3533821680593663,2.409090909090909
84,420,22,0,0,0.48512076630591705,0.12456253197610219,0.22848500531827337,225.54875920249702,1.0,1.8727272727272728,0.41190899493682115,2.409090909090909
85,425,22,0,0,0.4887947025452842,0.11726381104915062,0.26282129893927114,217.60501171801894,1.0,2.290909090909091,0.3316098459666904,2.409090909090909
86,430,22,0,0,0.5037883959151537,0.11839540340132099,0.2716353564824238,218.52545219512916,1.0,2.0727272727272728,0.4440947067316666,2.409090909090909
87,435,24,2,0,0.5177774165313513,0.08585585402270147,0.20992368449506196,212.88231198361333,1.0,1.8793103448275863,0.37080490627007,2.375
88,440,24,0,0,0.5416848908695909,0.08916837049744102,0.27448876517093035,211.05855870386176,1.0,2.0,0.3279795677248215,2.375
89,445,24,0,0,0.5481792729338089,0.0818778158053145,0.28626122566113055,207.87328043943253,1.0,1.8666666666666667,0.3658475723645148,2.375
90,450,25,2,1,0.48724171877821615,0.1404514734824322,0.25610598757694114,193.4331631647854,1.0,2.016949152542373,0.3962187057310271,2.64
91,455,25,0,0,0.46328529286668413,0.11328890984334777,0.307023268140512,192.83790339837094,1.0,1.9,0.364535164927289,2.64
92,460,25,0,0,0.49595458110587465,0.13061035962267395,0.3679552586347787,179.7247166304374,1.0,1.7666666666666666,0.3297546345069314,2.64
93,465,25,0,0,0.518643083162724,0.09734655892998625,0.36520720455893807,181.64939306255144,1.0,2.5833333333333335,0.3738948203977134,2.64
94,470,24,0,1,0.5179750853565536,0.1352199593564546,0.37166651453342847,184.60202313142602,1.0,1.75,0.36116918478130666,2.625
95,475,26,2,0,0.5238395372231801,0.14644660680733232,0.35874364511124657,193.42936606218103,1.0,2.066666666666667,0.3926858693568327,2.6923076923076925
96,480,25,0,1,0.521092889014834,0.11855710737301638,0.34177310723078974,184.05144810725272,1.0,2.123076923076923,0.32631557572533504,2.8
97,485,25,0,0,0.4547464753966483,0.13503143554213734,0.3793615382385978,181.11637989377093,1.0,1.85,0.42014842025592924,2.8
98,490,24,1,2,0.4912401769048692,0.10832550250247168,0.31374599101165407,173.81921052210316,1.0,2.066666666666667,0.3810258161242228,2.7916666666666665
99,495,23,0,1,0.46972286005371383,0.11259756271395492,0.2776606598386039,184.2383924799684,1.0,2.0535714285714284,0.38231409568845,2.869565217391304
100,500,21,0,2,0.5162286920871475,0.10703393103812679,0.2640611455585226,178.91667749392175,1.0,2.3454545454545452,0.3940492001263496,2.8095238095238093
101,505,21,0,0,0.44551238524438586,0.12019341113645865,0.31465334044612875,173.93772988062983,1.0,1.86,0.39617414295657655,2.8095238095238093
102,510,19,0,2,0.4829391267440667,0.09906112205548903,0.26212493391013697,173.63274139631423,1.0,2.234042553191489,0.32900313403724557,2.8421052631578947
103,515,19,1,1,0.5010302787253348,0.09967116465958367,0.23968310418002745,172.40030377842862,1.0,2.111111111111111,0.41510007026593343,2.8947368421052633
104,520,19,0,0,0.49732062319764725,0.12023449289866726,0.28073609987173853,157.88650698331034,1.0,1.8666666666666667,0.36101597027798343,2.8947368421052633
105,525,17,0,2,0.47093830656806585,0.14183681808964543,0.18635336961575072,171.55550891012524,1.0,2.0930232558139537,0.43949243633223173,2.9411764705882355
106,530,18,1,0,0.4869140216957521,0.1679890436976552,0.24714765133898178,184.2911060439379,1.0,2.0697674418604652,0.44862308881696067,3.111111111111111
107,535,19,1,0,0.49111513749292246,0.10779908104003527,0.23533276895407185,196.262552685879,1.0,2.0,0.447845587151795,3.0
108,540,19,0,0,0.46795821547470895,0.1149080185086771,0.2557138817580153,191.65795211715,1.0,1.9333333333333333,0.3974719055507915,3.0
109,545,19,1,1,0.4667123039470365,0.1278344156322893,0.19474171282143615,199.7955796611966,1.0,1.8444444444444446,0.38121042609734385,2.9473684210526314
110,550,19,0,0,0.4446596146162067,0.10926536180434415,0.19417557187558357,204.4805135485948,1.0,2.3333333333333335,0.3934751488908823,2.9473684210526314
111,555,21,2,0,0.504924220051715,0.13249457660373345,0.16948443594296672,200.3438247772542,1.0,2.020408163265306,0.36355876000694776,3.0
112,560,21,0,0,0.521895825509262,0.13465846130108808,0.21562475619929594,193.7226404926212,1.0,1.64,0.38247126382215574,3.0
113,565,21,1,1,0.43270102240854785,0.10377590144957191,0.1821686901767468,186.08063480349927,1.0,2.1538461538461537,0.44511543117024294,3.0
114,570,21,0,0,0.5058407315312803,0.15186201125220467,0.22172465652666642,190.75188105182252,1.0,1.62,0.3787060249448466,3.0
115,575,21,0,0,0.45912369159124206,0.11887702913115664,0.23679541412283753,201.47563829720352,1.0,1.88,0.3528511763448958,3.0
116,580,21,0,0,0.4689191964647126,0.13857743099453323,0.2550355073587381,193.64026042674834,1.0,1.58,0.37452058712796715,3.0
117,585,21,0,0,0.48509961731664314,0.12813991916448822,0.22794793961207976,216.9590693601245,1.0,1.94,0.4463453281232229,3.0
118,590,21,0,0,0.5114110341413863,0.10329297548324508,0.28292624346043305,212.46742767650417,1.0,2.12,0.33156015046514214,3.0
119,595,22,1,0,0.5169319843127517,0.11585550627611256,0.2569624316921482,221.3982273889105,1.0,2.1153846153846154,0.35468957772307613,2.9545454545454546
120,600,22,1,1,0.4539310671590689,0.12000901504363108,0.22939851393238908,218.12497787559408,1.0,2.150943396226415,0.4028169752576644,3.0454545454545454
121,605,22,0,0,0.4704151644399671,0.10957708513490616,0.2242845435284894,224.3064321260756,1.0,1.7272727272727273,0.3672973318264286,3.0454545454545454
122,610,22,0,0,0.526964546993649,0.11382429982881678,0.24333673545153506,220.30251555761032,1.0,1.8,0.3881444942994632,3.0454545454545454
123,615,22,0,0,0.4947300653072924,0.08219272742408079,0.20984412739580102,218.3472679380654,1.0,2.2363636363636363,0.3745800375224325,3.0454545454545454
124,620,23,1,0,0.4577433313250804,0.09918286809195849,0.23054929172189362,223.90679240446426,1.0,2.0727272727272728,0.36587737309256957,3.0434782608695654
125,625,22,0,1,0.46536699696742856,0.12465694989827185,0.21380818657334297,220.37859538114418,1.0,1.8727272727272728,0.3413034473076336,2.9545454545454546
126,630,21,0,1,0.4591935033664043,0.1289434370278378,0.18706486714701442,226.48098656512298,1.0,1.9423076923076923,0.35158110384220487,2.9523809523809526
127,635,20,0,1,0.524722651250024,0.12835908540638025,0.1755262916959996,234.23805260733982,1.0,2.0,0.4161530796062444,3.1
128,640,21,1,0,0.4996598116683936,0.15241169966190282,0.15724827194962235,240.1884978158656,1.0,1.94,0.4225287878841925,3.142857142857143
129,645,21,0,0,0.4577421092817551,0.1377559901259352,0.1731972365514411,237.2941017841595,1.0,1.92,0.4220939114223554,3.142857142857143
130,650,21,0,0,0.5222858311692907,0.09108826414845171,0.20464188694008453,238.73010335643625,1.0,1.94,0.37138479815285974,3.142857142857143
131,655,23,2,0,0.516245331404007,0.12733262000538081,0.19148505420254647,240.7575538461643,1.0,2.111111111111111,0.3532324724108682,3.3043478260869565
132,660,25,3,1,0.49693991850600355,0.15489691476005293,0.17008469957150918,250.98644964201478,1.0,1.8928571428571428,0.3606706739002726,3.36
133,665,25,0,0,0.4812621458804324,0.10536682360032837,0.21049058596310538,250.32515461857957,1.0,1.8166666666666667,0.30031745362282236,3.36
134,670,27,2,0,0.4991571565271243,0.14851130427164355,0.18438320913978332,254.49674826479705,1.0,1.8852459016393444,0.29955913455976,3.3703703703703702
135,675,27,0,0,0.4869093145973113,0.1060107952874883,0.3299544997161435,245.1314701337612,1.0,1.9076923076923078,0.3373764757176731,3.3703703703703702
136,680,25,1,3,0.5393607812708595,0.11653675388939008,0.23565280463941915,238.63376553674783,1.0,1.9836065573770492,0.3694765731281191,3.36
137,685,25,0,0,0.4745974220175828,0.12832879914804413,0.21341468416141618,239.4464281307525,1.0,2.0166666666666666,0.3546946040460128,3.36
138,690,25,0,0,0.516413095265006,0.07958723002358752,0.26216030337590046,238.2460307373688,1.0,2.1,0.3873275523357536,3.36
139,695,25,0,0,0.48808188777239553,0.11229663060006283,0.2683696392842596,246.6895822228547,1.0,1.8166666666666667,0.3656741404171633,3.36
140,700,26,1,0,0.5023166668948164,0.09820278001011093,0.2530739010841907,249.16538189302426,1.0,2.2063492063492065,0.3169391201281941,3.3461538461538463
141,705,26,1,1,0.5358256990202402,0.1253926408900796,0.23195466888183142,247.13425685013505,1.0,2.1538461538461537,0.335647672013185,3.5
142,710,26,0,0,0.4896922320359465,0.08362746243715499,0.24506036731248887,240.49579086169152,1.0,1.7538461538461538,0.3429073414186,3.5
143,715,24,0,2,0.5206523479441789,0.1198669395423946,0.2654507836033537,235.0100809727854,1.0,2.046875,0.35475902671283205,3.5416666666666665
144,720,24,0,0,0.5319455917008103,0.1088774418287224,0.2844632086213151,234.54939775348495,1.0,2.05,0.391786213786332,3.5416666666666665
145,725,24,1,1,0.5279154871555548,0.08960392515272449,0.2724513207793999,232.40641644417082,1.0,2.0833333333333335,0.41193840020199507,3.625
146,730,23,0,1,0.5196114285531523,0.09760449426075125,0.2548535707546019,216.2512183077736,1.0,1.736842105263158,0.3789835191311376,3.6956521739130435
147,735,23,0,0,0.4451578353749546,0.11188434581111938,0.31902850344878836,221.0519030319483,1.0,2.0545454545454547,0.42828019859975447,3.6956521739130435
148,740,23,0,0,0.4766330368940258,0.09098868648226364,0.33879280898797526,223.32897790819982,1.0,2.0545454545454547,0.3448279431514126,3.6956521739130435
149,745,22,1,2,0.5375734692427867,0.08574287583059469,0.270938739232865,212.53897874764385,1.0,1.8909090909090909,0.32875835508398554,3.8636363636363638
150,750,22,1,1,0.5159208695684464,0.07909992474497025,0.2664410170086575,225.7243306769615,1.0,1.9636363636363636,0.3752226161028909,4.045454545454546
151,755,23,1,0,0.4913094547073942,0.10703721439695887,0.2571021738117537,227.74721727282534,1.0,2.4,0.339041775043995,4.0
152,760,22,0,1,0.48785046511107966,0.10124807344102292,0.26658767622842333,224.27390049252205,1.0,2.0,0.40551365473624396,4.136363636363637
153,765,22,0,0,0.5229683508954722,0.1008356761064132,0.25029693436944833,219.03553509087237,1.0,1.981818181818182,0.35649704241078206,4.136363636363637
154,770,22,0,0,0.5234058789406513,0.0996931322719462,0.2599061098837719,229.5196939298131,1.0,2.1272727272727274,0.43827800900534136,4.136363636363637
155,775,22,0,0,0.5003578324403081,0.10067833869367852,0.21961434263676832,242.76737032042323,1.0,2.0727272727272728,0.3190132770845773,4.136363636363637
156,780,22,0,0,0.5337310162763962,0.11714325311984705,0.23576046271438503,245.78266543029684,1.0,1.7272727272727273,0.40704857728945404,4.136363636363637
157,785,24,2,0,0.5205562280965279,0.12770325706673843,0.2027330850352508,247.90319738573402,1.0,1.8305084745762712,0.3513522952563058,4.166666666666667
158,790,24,0,0,0.5536000205473678,0.11607916236310604,0.18333989003603005,244.74294551815152,1.0,2.2,0.34703715058814866,4.166666666666667
159,795,24,0,0,0.49486357101261436,0.0844226396187691,0.17391334260856797,253.1807912794795,1.0,1.9833333333333334,0.31653013721081835,4.166666666666667
160,800,24,0,0,0.5164294388980905,0.10119145562175604,0.19933594497331472,253.37414836937592,1.0,2.2333333333333334,0.3625583498627758,4.166666666666667
161,805,26,2,0,0.5158368661758446,0.11279336551121656,0.21885281399692408,245.89476772858382,1.0,1.9666666666666666,0.4012623286908216,4.423076923076923
162,810,26,0,0,0.5026582072929039,0.1430414416796518,0.2869765513566176,233.07619173926,1.0,1.6615384615384616,0.3580810294266955,4.423076923076923
163,815,25,0,1,0.5013769567275468,0.11498681725233685,0.28956163190010625,222.048415375652,1.0,1.901639344262295,0.3954531856868849,4.52
164,820,25,0,0,0.5150650171836217,0.1491251885801732,0.3051329833563925,219.1434064329069,1.0,1.6166666666666667,0.34380340146875077,4.52
165,825,24,0,1,0.49281105314068513,0.11170020779573811,0.26435061306533697,232.8504044832487,1.0,2.0,0.35453876226780123,4.625
166,830,24,0,0,0.5030203720599059,0.10065276414317019,0.2878821032838998,225.3662871284111,1.0,1.8666666666666667,0.3109300324125895,4.625
167,835,23,0,1,0.5035591783083325,0.12378937179446002,0.30300502579056354,216.2494179955984,1.0,1.8833333333333333,0.3862888546630291,4.782608695652174
168,840,22,0,1,0.5473237097668259,0.1143092281476003,0.28942400378580213,203.8845309399657,1.0,2.018181818181818,0.3493062649976272,4.7272727272727275
169,845,22,0,0,0.46414383126833997,0.1383227777433694,0.27267335963984213,208.06723915999666,1.0,1.8545454545454545,0.36118894912030375,4.7272727272727275
170,850,20,0,2,0.4666027103490256,0.14115485331953426,0.24521845050430985,208.9134619422143,1.0,1.8653846153846154,0.31778880095502166,5.0
171,855,21,1,0,0.516075693730021,0.12856522359920794,0.25674711485820517,226.75523019266723,1.0,1.88,0.41341197148533027,5.095238095238095
172,860,21,1,1,0.5231122570625718,0.13114594738569182,0.2261353447498436,221.72994490350845,1.0,1.9607843137254901,0.409907090297876,5.095238095238095
173,865,21,1,1,0.5146915452476876,0.10687760651586914,0.15107907895773937,220.94454621374726,1.0,1.9811320754716981,0.40563257176407264,5.142857142857143
174,870,21,0,0,0.4793353418424691,0.0924291844491388,0.19110157253698842,224.2011947927607,1.0,1.96,0.3737094533901312,5.142857142857143
175,875,21,0,0,0.4881015965157524,0.10426471330837381,0.20700956983364677,234.04996300172297,1.0,1.84,0.4580790272268839,5.142857142857143
176,880,22,2,1,0.5523180446849563,0.13822882784968685,0.2177240769170492,226.6269455657218,1.0,1.7924528301886793,0.3740165769840098,5.136363636363637
177,885,21,0,1,0.4852722758042906,0.13655700254563619,0.20356202078276175,225.39766339982307,1.0,1.7254901960784315,0.38595189469991,5.142857142857143
178,890,22,1,0,0.4739585661494629,0.10881465223885725,0.18451500169413215,224.2799966708237,1.0,2.1176470588235294,0.38162841434439604,5.090909090909091
179,895,22,0,0,0.5041082501040522,0.09992587344926705,0.19516720466731532,222.57949026855007,1.0,1.8363636363636364,0.32724385821288215,5.090909090909091
180,900,22,1,1,0.49594266860267827,0.10822350938182392,0.18878708477502215,229.03300823440404,1.0,2.2962962962962963,0.40258424582551633,4.954545454545454
181,905,22,0,0,0.5302146947632234,0.12739016468723097,0.2430689516582443,220.44154106712614,1.0,1.709090909090909,0.4171723511989073,4.954545454545454
182,910,21,0,1,0.500608376012723,0.11911338902722465,0.19462434862353234,221.66887444020725,1.0,2.1454545454545455,0.4045282900077458,5.095238095238095
183,915,21,0,0,0.49062264315130716,0.13032661217010288,0.1944322084596027,218.74813222968945,1.0,2.12,0.4379595607001578,5.095238095238095
184,920,22,1,0,0.47799139400931445,0.11359997827579467,0.2114831885384195,235.19090435179518,1.0,1.92,0.4510630356749926,5.045454545454546
185,925,23,1,0,0.5464465689279776,0.11018488777999136,0.18404598326690877,234.65360437469806,1.0,2.3454545454545452,0.3826438438131214,5.086956521739131
186,930,23,0,0,0.4998731197600347,0.0980943965019031,0.2007268937536474,237.42731907915078,1.0,1.8363636363636364,0.3401343325873142,5.086956521739131
187,935,22,0,1,0.4906128270744383,0.11712968798871234,0.2097152257717274,237.98113717870768,1.0,2.1272727272727274,0.3623439469870202,5.2727272727272725
188,940,23,1,0,0.4663840608162262,0.13028774783817285,0.20832243156862149,243.82891768345567,1.0,1.7818181818181817,0.47659868129815536,5.391304347826087
189,945,23,0,0,0.5323930976345488,0.1182451373068497,0.2061890263932287,246.63896347384667,1.0,1.690909090909091,0.3238125290121382,5.391304347826087
190,950,23,0,0,0.45371133879012204,0.11457275027880287,0.20645365949315345,239.49477245951525,1.0,1.9090909090909092,0.36793502862354305,5.391304347826087
191,955,24,1,0,0.5020177897509365,0.1298831561434314,0.23628311136082952,234.44799970569363,1.0,1.9137931034482758,0.3460062263991715,5.458333333333333
192,960,24,0,0,0.4979394708904216,0.08412010655633854,0.29104168068718395,209.40304347906243,1.0,2.2,0.37096901240594654,5.458333333333333
193,965,23,0,1,0.5447489231965312,0.12275922264520986,0.2940252390346708,204.95532975427923,1.0,1.9464285714285714,0.31829466162627235,5.521739130434782
194,970,22,0,1,0.5257089777091831,0.12122960699714055,0.2223073586463611,200.10815914563062,1.0,1.9454545454545455,0.3886499951731909,5.5
195,975,22,0,0,0.547183813533946,0.1265413949113267,0.25846914417315103,177.40866440158152,1.0,1.8,0.3793876931494358,5.5
196,980,23,1,0,0.505702571885749,0.07523287604947666,0.2544994189833265,195.11146638996865,1.0,1.9454545454545455,0.39908773962585503,5.478260869565218
197,985,23,0,0,0.5308474411363947,0.12156452009942666,0.2576460969820441,193.9723457118354,1.0,1.9090909090909092,0.35270333942992244,5.478260869565218
198,990,23,0,0,0.510234220421136,0.12416796612248135,0.25245276748002177,190.88306306492126,1.0,1.8545454545454545,0.3108147141583607,5.478260869565218
199,995,22,0,1,0.4923937562953365,0.09984184523966932,0.24391294047835155,184.5219735661293,1.0,1.8545454545454545,0.35999030638863233,5.363636363636363
200,1000,21,0,1,0.46654725473946623,0.14327616213284083,0.21343650629195776,184.08374877116128,1.0,1.6666666666666667,0.35528596625303804,5.476190476190476
201,1005,22,1,0,0.5210129699589144,0.14469788987009835,0.23478500707415634,199.91695635099546,1.0,1.7843137254901962,0.4603820748629207,5.5
202,1010,21,0,1,0.50295535697097,0.1376371840126825,0.2123104266209659,199.84418225568666,1.0,1.8333333333333333,0.36272826429427013,5.476190476190476
203,1015,21,0,0,0.5089785124489916,0.10514471303778529,0.2577026269491543,188.0113002484452,1.0,2.04,0.4024655575582171,5.476190476190476
204,1020,22,1,0,0.49438327781131697,0.12631288259390444,0.27520421450578386,196.05476016528533,1.0,1.9019607843137254,0.4052185306303377,5.590909090909091
205,1025,22,0,0,0.4772574886857044,0.11506409959623824,0.23479336994108038,199.9606930876922,1.0,2.2,0.34078154725073245,5.590909090909091
206,1030,22,0,0,0.5432793939147484,0.15276124609292707,0.25314912741021955,203.63630363116738,1.0,1.5818181818181818,0.3638725901489327,5.590909090909091
207,1035,22,0,0,0.5120045874908857,0.13366989268572482,0.28505556831164147,209.59160708675347,1.0,1.7454545454545454,0.42895800743268864,5.590909090909091
208,1040,21,1,2,0.5233024815008753,0.12820360180244753,0.20684848738144437,218.42982627938395,1.0,1.8431372549019607,0.41315149356155234,5.666666666666667
209,1045,21,1,1,0.4598200425801296,0.13889382978800238,0.1823461203527447,201.0735749990872,1.0,1.86,0.37414180125969204,5.809523809523809
210,1050,21,0,0,0.5265230868957819,0.10036532364900713,0.18848064217608912,205.3800398308444,1.0,1.82,0.3186505957852567,5.809523809523809
211,1055,21,0,0,0.4826724090311431,0.13896599990647293,0.20800954834054003,208.19358077994858,1.0,2.1,0.4588667978729008,5.809523809523809
212,1060,21,0,0,0.5085053960358102,0.12489261275996263,0.23551297212653582,215.72208533301801,1.0,1.9,0.42034081067453694,5.809523809523809
213,1065,22,1,0,0.489598456476674,0.14032080106233652,0.26767402915300326,226.06415064694852,1.0,1.6862745098039216,0.39610539306724346,5.7272727272727275
214,1070,21,0,1,0.5302740874879754,0.10534777635933952,0.24487581564729755,229.5377129827469,1.0,2.019230769230769,0.4123818553715485,5.857142857142857
215,1075,23,2,0,0.47255445401845636,0.12456917842659089,0.2204850678345877,230.50420094191986,1.0,1.8333333333333333,0.39920537945219375,5.956521739130435
216,1080,23,1,1,0.5014686258753672,0.12782996143078373,0.20188569040772567,234.41412896800952,1.0,1.631578947368421,0.42095504297572367,6.173913043478261
217,1085,23,1,1,0.5419076023078229,0.1340245168110422,0.19240431204893857,232.6723051189355,1.0,1.7454545454545454,0.3854768252331885,6.086956521739131
218,1090,23,0,0,0.506213129103554,0.12799641585717325,0.1933225095720125,245.72143450106896,1.0,1.690909090909091,0.33818382278381615,6.086956521739131
219,1095,23,0,0,0.4843954077242437,0.14733813560410067,0.20287951687015057,239.083050870867,1.0,1.9454545454545455,0.2696151787284456,6.086956521739131
220,1100,23,0,0,0.5060767096903325,0.094604354952086,0.2352980305453548,227.83190159977764,1.0,1.9272727272727272,0.46270534966844457,6.086956521739131
221,1105,23,1,1,0.49509311556180435,0.11861704737272548,0.22322041643509183,237.0954299659469,1.0,1.9298245614035088,0.37340401042152743,6.260869565217392
222,1110,23,0,0,0.5527439681408197,0.12570602843656892,0.23768995096325554,248.91470605260494,1.0,1.9454545454545455,0.3837004897880899,6.260869565217392
223,1115,23,0,0,0.5372932505271325,0.11659470383944007,0.23541568946740674,248.68302887053858,1.0,2.1272727272727274,0.37586270266707195,6.260869565217392
224,1120,24,1,0,0.4629721274015508,0.09186174386431362,0.21760915367887768,240.2937748834077,1.0,2.3392857142857144,0.3352183658207961,6.25
225,1125,25,1,0,0.5071073287893758,0.12125921037193642,0.23907888924295806,234.93914129635755,1.0,2.15,0.4031811574245708,6.16
226,1130,25,0,0,0.5420600313278235,0.11838124836529719,0.2910652680045297,231.23288709393128,1.0,2.2333333333333334,0.368198032834435,6.16
227,1135,26,1,0,0.5073975162357092,0.12434198359612308,0.30620063556924715,238.2504608840442,1.0,1.75,0.35330207479641584,6.269230769230769
228,1140,22,0,4,0.5449057508589429,0.11758229816851465,0.24548212359843877,229.373706290905,1.0,1.9344262295081966,0.3119941682217445,6.409090909090909
229,1145,23,1,0,0.530703627414554,0.12142433341070512,0.2312986244573247,242.3982429938066,1.0,1.7818181818181817,0.4282604574082207,6.521739130434782
230,1150,24,1,0,0.4945321752048571,0.14262678086581587,0.2307072823372756,248.70658946530273,1.0,2.0,0.30238270404836065,6.541666666666667
231,1155,24,1,1,0.5102764788137542,0.13193506969872282,0.15931671828357047,244.88463368681047,1.0,2.0,0.37038204275796993,6.75
232,1160,24,0,0,0.4938934981183607,0.1302454909485222,0.19719467279190175,243.16013172523066,1.0,1.9333333333333333,0.42685359252063,6.75
233,1165,25,1,0,0.4702193144957224,0.1706714090035545,0.23491891354736497,238.73076494325602,1.0,1.7166666666666666,0.32057641900767003,6.72
234,1170,24,0,1,0.5245642900647861,0.12119127718230491,0.22710673546824,233.20134823051038,1.0,1.8833333333333333,0.3582346852734943,6.791666666666667
235,1175,25,1,0,0.5441774966844491,0.1300324012038119,0.25400269625834593,240.1656685198972,1.0,1.7833333333333334,0.3662959255126758,6.88
236,1180,25,0,0,0.46737251584601425,0.1270681026192168,0.28828159918184026,244.95666707632006,1.0,2.1,0.36692919151346653,6.88
237,1185,25,1,1,0.5038139222217075,0.12428053331417185,0.2319520113661509,237.10223053153032,1.0,1.8852459016393444,0.4252761612683817,7.0
238,1190,27,2,0,0.49033700713404904,0.13398223346072183,0.23870068493363536,235.61720975736142,1.0,1.8225806451612903,0.39015069079281756,6.925925925925926
239,1195,27,0,0,0.5194879805186281,0.11784641755319258,0.28744704639888863,224.1553130150039,1.0,1.8461538461538463,0.37022706547103107,6.925925925925926
240,1200,27,1,1,0.5158868183914039,0.12096618165174136,0.30601788742424757,222.25536015462555,1.0,1.696969696969697,0.3456186312325842,6.962962962962963
241,1205,25,0,2,0.47372175394847393,0.10176783553462238,0.313180421284094,205.31978684708446,1.0,2.0793650793650795,0.31795100177701685,6.88
242,1210,25,1,1,0.5340231924951025,0.13193931137686715,0.28027750598192186,196.68826340037168,1.0,1.6333333333333333,0.37303673091830863,6.8
243,1215,25,0,0,0.5014654038598141,0.09761749254859584,0.2882258474054984,198.16186293536887,1.0,2.0,0.3596363909837267,6.8
244,1220,24,0,1,0.48767144057225614,0.12653364840395184,0.28715329519857397,201.7943948976808,1.0,1.9833333333333334,0.3316140814551158,6.791666666666667
245,1225,24,0,0,0.47837801934224516,0.09669975328409879,0.2855241513105771,197.6683460484093,1.0,2.25,0.40714631882345675,6.791666666666667
246,1230,22,0,2,0.4775833279893234,0.11589130179343332,0.2600704160788655,196.08378968990945,1.0,1.8214285714285714,0.39692353809328856,6.7272727272727275
247,1235,20,0,2,0.5492512552845755,0.11586773234237673,0.23056479058152698,190.46701309932487,1.0,1.6415094339622642,0.41020361997966603,6.6
248,1240,20,0,0,0.5116869376273826,0.11575401747129756,0.21833441484263658,191.55643662283376,1.0,1.6,0.3699001472361889,6.6
249,1245,18,0,2,0.5282484121687179,0.12856977467327055,0.1526290811458895,202.8320875807133,1.0,1.891304347826087,0.3451824143339301,6.722222222222222
250,1250,18,0,0,0.47146519524286734,0.1439457436322231,0.1463284954042811,220.92976171301086,1.0,1.9777777777777779,0.38313331546215046,6.722222222222222
251,1255,19,1,0,0.5253825480533871,0.09531020680774503,0.15753013910035907,238.28734527929296,1.0,1.8,0.37878617126620134,6.684210526315789
252,1260,19,0,0,0.4830566933033643,0.14113473797281192,0.14123843666451236,250.83325082616847,1.0,1.6222222222222222,0.4603108085584945,6.684210526315789
253,1265,22,3,0,0.559197676729298,0.13362286559059477,0.15058771471268473,264.7406984424435,1.0,1.8571428571428572,0.3562394335877037,6.863636363636363
254,1270,22,0,0,0.49700553622903115,0.11333455078468493,0.16310705764925332,265.1935082466105,1.0,1.9454545454545455,0.3974074291492456,6.863636363636363
255,1275,23,1,0,0.5257054125595121,0.12864741399213883,0.13047183114886518,277.67534663106335,1.0,1.509090909090909,0.4385096756477672,6.826086956521739
256,1280,23,0,0,0.47215865969148846,0.14846826997687648,0.1507704523773442,292.9433032162459,1.0,1.8363636363636364,0.35553829222527106,6.826086956521739
257,1285,24,1,0,0.48763949090378383,0.09816646747976246,0.1596070781427388,292.58760763531814,1.0,1.847457627118644,0.39386521176588996,6.833333333333333
258,1290,25,1,0,0.4834511605295397,0.1330141787704832,0.195576161728077,282.29555113018563,1.0,2.033333333333333,0.4018071611756869,6.96
259,1295,25,0,0,0.5114657139778137,0.0968748822163614,0.2115226649998858,278.2516425124651,1.0,1.7666666666666666,0.3784804801902332,6.96
260,1300,26,1,0,0.5136872360065934,0.1391944347150619,0.23217881071659907,273.0608256520016,1.0,1.901639344262295,0.37703724390001286,7.0
261,1305,27,2,1,0.5179090455419185,0.14401480813737355,0.22707108689822175,264.4618049967803,1.0,1.8923076923076922,0.3233115890882718,7.296296296296297
262,1310,26,0,1,0.5100731154144914,0.0951243491098845,0.2096317432550851,251.29304853235112,1.0,1.8615384615384616,0.3234673921959476,7.230769230769231
263,1315,26,0,0,0.47254538186142836,0.1541681972600576,0.23965911622024724,250.09499452499088,1.0,1.646153846153846,0.3173615590848213,7.230769230769231
264,1320,25,0,1,0.5200689001349159,0.13038731387952598,0.29984904048160504,240.9845924266989,1.0,1.819672131147541,0.3422885730306903,7.24
265,1325,24,1,2,0.5073362739478194,0.11504226403825006,0.23625475720787398,231.82411390525436,1.0,2.066666666666667,0.3870016866009165,7.041666666666667
266,1330,24,0,0,0.49940336525499346,0.11157047019313832,0.24826926641436423,230.69419798841815,1.0,1.95,0.3397977215208407,7.041666666666667
267,1335,24,0,0,0.4973533758405326,0.09213544469991303,0.24731483502593168,236.4349158577685,1.0,2.2333333333333334,0.3073902694058307,7.041666666666667
268,1340,24,0,0,0.5138720858482416,0.10050344745434675,0.2460284852491833,238.2784192074012,1.0,1.8166666666666667,0.33931314869376555,7.041666666666667
269,1345,23,0,1,0.48938899066609637,0.1605338961900557,0.1985584040819998,234.41471642138876,1.0,1.7719298245614035,0.3951394062730101,7.043478260869565
270,1350,23,0,0,0.4855256385458511,0.10403996826628638,0.2266605611887578,238.92298717465638,1.0,2.0545454545454547,0.37071936697063684,7.043478260869565
271,1355,24,1,0,0.4974719662256244,0.12329834102037694,0.1798052547445392,257.95053359022575,1.0,1.5964912280701755,0.42100233255007113,7.0
272,1360,24,0,0,0.4991550669154132,0.10441954620827726,0.19887164914467892,254.53430757812222,1.0,2.0166666666666666,0.351221806108516,7.0
273,1365,24,0,0,0.5013478453771246,0.13383667822684442,0.21813562718283458,254.80231555090788,1.0,1.7833333333333334,0.4324676224766098,7.0
274,1370,24,0,0,0.48721464140348075,0.128706558819127,0.2313025716240743,254.50045333955623,1.0,1.9833333333333334,0.3724692337728878,7.0
275,1375,25,1,0,0.5282154244843811,0.0939011054421006,0.24250449792607265,258.8949051456174,1.0,1.7333333333333334,0.34920937692955095,7.16
276,1380,24,0,1,0.5123123071965806,0.10239503609220352,0.23596382347067674,262.5078249683164,1.0,1.85,0.36176884570261353,7.125
277,1385,24,1,1,0.49438485650434383,0.12367271962233574,0.20313543578086243,270.35542149035683,1.0,1.7,0.3547527050118074,7.25
278,1390,24,0,0,0.5109401771710033,0.09960431757697052,0.21230991954003944,262.3510150000247,1.0,1.9833333333333334,0.37531234250013945,7.25
279,1395,26,2,0,0.5164428881657798,0.12082160200454184,0.20981981433022998,274.6291133787425,1.0,1.8166666666666667,0.3840344642750152,7.1923076923076925
280,1400,26,1,1,0.5192579672936305,0.13423796111998648,0.203911605877002,264.61427173715913,1.0,1.7076923076923076,0.304664497338886,7.153846153846154
281,1405,26,1,1,0.5169262164266619,0.128763627355321,0.19557503906987572,257.1440564214299,1.0,1.9692307692307693,0.30287096696356264,7.038461538461538
282,1410,27,1,0,0.4806623245911921,0.13951058954761153,0.201822095567134,254.22114170401585,1.0,1.9230769230769231,0.36003117564582005,7.148148148148148
283,1415,27,0,0,0.48661382019427823,0.11382555086128728,0.18979266823818625,245.44624682439635,1.0,1.8461538461538463,0.3800152419198173,7.148148148148148
284,1420,27,0,0,0.5077364640241419,0.14528313215999156,0.20342788330247222,228.02418362193077,1.0,1.5692307692307692,0.3365321516600463,7.148148148148148
285,1425,27,0,0,0.5323169951706573,0.12702797822263628,0.19583404394047177,222.35215069549847,1.0,1.646153846153846,0.3502865667564749,7.148148148148148
286,1430,28,1,0,0.49105317740975446,0.13801210316107881,0.22677352724478989,205.8196151377569,1.0,1.8181818181818181,0.3458087005337681,7.142857142857143
287,1435,28,0,0,0.5244321026595398,0.12994309697816986,0.2502964678693754,185.32753417291056,1.0,1.8571428571428572,0.3343129208020166,7.142857142857143
288,1440,27,0,1,0.5063158141641272,0.1563276982540508,0.315697980233608,173.51518286229674,1.0,2.014705882352941,0.3682901460173321,7.185185185185185
289,1445,26,0,1,0.4913143001391668,0.11832942267834298,0.3193851878301163,172.97953442761897,1.0,1.8923076923076922,0.33713547021707807,7.076923076923077
290,1450,25,0,1,0.4703796570629372,0.09856732921666683,0.3607161064005078,161.07740814105662,1.0,2.0476190476190474,0.2966253853721565,7.16
291,1455,24,0,1,0.4764532483149142,0.1347669781683634,0.3349108023371719,168.69410647092866,1.0,1.9833333333333334,0.362165988891028,7.208333333333333
292,1460,22,0,2,0.535661072388757,0.14783741897874322,0.2976032875718148,176.99739121790458,1.0,1.8035714285714286,0.471510852448917,7.0
293,1465,21,0,1,0.5126221656265116,0.09621841045024973,0.266515715993831,171.9988400619711,1.0,1.8518518518518519,0.4089432218344512,6.904761904761905
294,1470,20,0,1,0.5134430462524059,0.10954985582740442,0.3008230638984744,172.39568894914825,1.0,1.74,0.4269674155652721,6.85
295,1475,21,1,0,0.46963591073794914,0.10732744911680893,0.34087202715780257,174.84040418708656,1.0,1.86,0.3444424952877195,6.857142857142857
296,1480,20,0,1,0.49329679581536245,0.12050688204039024,0.293219632732216,197.58710113365666,1.0,1.7,0.42202482303535327,6.75
297,1485,23,3,0,0.5090032269315414,0.10928298289747965,0.3043359852241657,199.99893947470554,1.0,1.6862745098039216,0.4053640127995259,6.739130434782608
298,1490,23,0,0,0.5240788446617022,0.09396674495097092,0.29898187368722046,198.6890334479839,1.0,1.8,0.4299984280300794,6.739130434782608
299,1495,21,0,2,0.47613198114841276,0.1124428913379376,0.2585071215416814,191.0819723499981,1.0,1.679245283018868,0.38896408051252596,6.857142857142857
300,1500,20,0,1,0.5197949110993514,0.1065206885684466,0.2335633123458485,200.23674227366817,1.0,2.0,0.4244013406072283,6.65
301,1505,20,0,0,0.5237830797365557,0.0965250262084345,0.2547731189842898,202.6869011306428,1.0,1.98,0.35496246254968766,6.65
302,1510,21,1,0,0.506900549437555,0.16119024917502572,0.22203453538955928,219.06278661111327,1.0,1.68,0.4008053508305149,6.666666666666667
303,1515,22,1,0,0.4803192256510387,0.12312134207163523,0.20898954475076845,218.68703063347073,1.0,1.7777777777777777,0.40850033971715344,6.7272727272727275
304,1520,22,0,0,0.4970159998746832,0.07997857146916128,0.24682608980087234,220.15745011523174,1.0,2.109090909090909,0.34632262639260736,6.7272727272727275
305,1525,24,2,0,0.4781339233774908,0.1289201756611795,0.25035830359499306,233.49633482335454,1.0,1.8909090909090909,0.40231898748790473,6.875
306,1530,24,1,1,0.5562955954006784,0.12641039073467622,0.21439296263535693,235.49561877387745,1.0,1.7627118644067796,0.35881475527264706,6.708333333333333
307,1535,25,1,0,0.47669189391675454,0.1165566605714959,0.2384979936400591,241.23758361783638,1.0,1.95,0.37259738251590424,6.8
308,1540,26,1,0,0.47691449136592645,0.11632789371509998,0.24272185191029477,247.25241023117192,1.0,1.6721311475409837,0.3374447346647971,6.846153846153846
309,1545,25,0,1,0.4880684011830733,0.1774759878023363,0.19117547648081215,258.8839067817048,1.0,1.7049180327868851,0.3323771883704813,6.88
310,1550,24,0,1,0.5061234724950933,0.11750516519963503,0.1768167668523526,267.5730089349638,1.0,1.7666666666666666,0.37502937436342954,6.916666666666667
311,1555,24,0,0,0.558335845405236,0.10064370030676338,0.201371410658464,251.57959085215577,1.0,1.7666666666666666,0.38145571871647593,6.916666666666667
312,1560,25,1,0,0.4720102794007176,0.12844807350555232,0.20364033503394768,255.35918934293542,1.0,1.9333333333333333,0.33633336421064786,6.96
313,1565,25,0,0,0.5090746966128549,0.10815701388017913,0.2336933344079056,269.2435234249235,1.0,1.7166666666666666,0.3525306140860869,6.96
314,1570,25,0,0,0.5225434242401804,0.10291910304947972,0.250453370937912,268.89138081168534,1.0,1.7833333333333334,0.4081137943572196,6.96
315,1575,24,0,1,0.49014528190655016,0.12273368803273005,0.2264764176818027,254.65813083010192,1.0,2.05,0.32176923788107875,7.0
316,1580,23,0,1,0.4912159135269503,0.1155178325249986,0.21652720742322945,246.2617037262031,1.0,1.8333333333333333,0.3306967169641052,7.086956521739131
317,1585,22,0,1,0.4762813609417365,0.11349000068504186,0.21690660168155362,253.08461319344616,1.0,1.8545454545454545,0.36394053806900795,7.045454545454546
318,1590,22,0,0,0.47955746065749955,0.14479313884060988,0.19960478656830644,271.90970995054624,1.0,1.709090909090909,0.3412752645067085,7.045454545454546
319,1595,22,0,0,0.46161152930926214,0.12480064094543555,0.17567164282391134,286.47394640481286,1.0,1.7636363636363637,0.34454109346803746,7.045454545454546
320,1600,23,1,0,0.5175108277111644,0.10542136107116021,0.20403083649804718,277.7271730077963,1.0,1.9454545454545455,0.3928219123868658,7.086956521739131
321,1605,25,2,0,0.4433969320140309,0.1099265032838675,0.2333653211697049,276.4459285230671,1.0,1.7321428571428572,0.3774153026231545,7.08
322,1610,25,1,1,0.4794973991227647,0.1515535642534902,0.2176737305419674,268.6523511922415,1.0,1.7833333333333334,0.31137029672816213,7.04
323,1615,24,0,1,0.48822312574437454,0.16101541321545595,0.2100643735743088,262.92803735844774,1.0,2.2,0.35074634005691707,7.041666666666667
324,1620,25,1,0,0.5222583119439641,0.11396822166411857,0.21641165085505434,264.7138195990305,1.0,1.7833333333333334,0.4025510887097409,7.04
325,1625,24,0,1,0.5118112287741332,0.11586644358777638,0.19203443260084802,256.8705970628742,1.0,1.85,0.38436151965288773,7.0
326,1630,23,0,1,0.5283301696397256,0.13576132049607964,0.1890550053750443,239.82561351467817,1.0,1.4821428571428572,0.3942114517836874,7.0
327,1635,23,0,0,0.48827523237545484,0.13024995080562715,0.20801597768949415,232.63066573254122,1.0,1.7454545454545454,0.36066844563654554,7.0
328,1640,23,0,0,0.4908587474194537,0.11077322558454837,0.2234543463442376,243.62425351139942,1.0,1.9636363636363636,0.43170167033233053,7.0
329,1645,24,2,1,0.46363560207323595,0.12401694453922354,0.1814016621542213,250.87549586161327,1.0,2.0,0.3472390334889887,7.333333333333333
330,1650,26,2,0,0.4867166979190631,0.09133449517675543,0.1726446915070639,246.11213286453346,1.0,2.0,0.34840462871296035,7.346153846153846
331,1655,26,0,0,0.5153621472968118,0.13727963158240286,0.23591694186853432,244.56528487302322,1.0,1.9230769230769231,0.38484831818108367,7.346153846153846
332,1660,25,0,1,0.48862201749371026,0.13523371789884703,0.23794437366301616,241.53832553480206,1.0,1.619047619047619,0.31115698866302155,7.36
333,1665,26,1,0,0.4782643149702404,0.16033175423097276,0.21557719420027582,246.78557931862457,1.0,1.75,0.3843629141199499,7.538461538461538
334,1670,26,0,0,0.4983027818647642,0.10822153078836097,0.21361491500745652,240.1135066408233,1.0,1.9076923076923078,0.37541920143248664,7.538461538461538
335,1675,25,0,1,0.4554605128079817,0.15786580880466933,0.191567935863936,242.28101168080445,1.0,1.935483870967742,0.3406194706520381,7.6
336,1680,25,0,0,0.49888578804334005,0.11369790334892503,0.2625651713748808,229.4068932445236,1.0,1.85,0.36901438011407434,7.6
337,1685,25,0,0,0.45759939479047346,0.12298810897839732,0.29873770156051555,216.2868776515316,1.0,1.7333333333333334,0.38347850030770675,7.6
338,1690,24,0,1,0.5075336006562862,0.10741469730845785,0.30007114412688285,212.13742285504304,1.0,1.8666666666666667,0.3299546650666652,7.625
339,1695,24,0,0,0.5192830968415365,0.13967977833214204,0.3417034672299818,198.79925449437982,1.0,1.6666666666666667,0.3814804512075199,7.625
340,1700,24,0,0,0.4881060063314166,0.09336256305792627,0.3584483688952596,188.38980135790402,1.0,1.9,0.3255893790376395,7.625
341,1705,22,0,2,0.49116043434404427,0.12806504043306913,0.3268830389678726,189.195052480699,1.0,1.6785714285714286,0.39338673051528605,7.7272727272727275
342,1710,21,0,1,0.4758415117150262,0.14539635115232843,0.30257584064213733,192.63430474884765,1.0,1.6727272727272726,0.3959470015603079,7.809523809523809
343,1715,21,1,1,0.4976436507122619,0.12188192248637124,0.28203539797034294,191.29684739485805,1.0,1.8703703703703705,0.33014705889902624,8.0
344,1720,21,0,0,0.5413345818338846,0.13897058344613195,0.2979267094498473,195.6318396785819,1.0,1.84,0.32232605504033157,8.0
345,1725,22,1,0,0.4774297799632856,0.09836287523944062,0.3157136005473247,199.17227410693388,1.0,1.9056603773584906,0.34186233371596036,8.045454545454545
346,1730,22,0,0,0.535300391109077,0.15742393066157903,0.3684270117155123,200.139608712216,1.0,1.9272727272727272,0.3514794115058473,8.045454545454545
347,1735,23,1,0,0.5209939083396834,0.1276308925215034,0.35806911258148544,194.263733174677,1.0,1.7636363636363637,0.4071104196845917,8.130434782608695
348,1740,18,0,5,0.5112187690743656,0.1201167184838256,0.2663674318103734,194.2187078605752,1.0,1.8076923076923077,0.4022152520381145,7.833333333333333
349,1745,19,1,0,0.5267951039065208,0.1191980080335043,0.24880397019176556,220.8152309261,1.0,1.7777777777777777,0.43284929076126005,7.894736842105263
350,1750,20,1,0,0.47574411834900576,0.11757853779736147,0.30038123932323274,208.19700958260134,1.0,1.7872340425531914,0.4090545148320248,8.1
351,1755,22,2,0,0.5007315643855422,0.16956092492743136,0.2557135885033315,221.69993959228387,1.0,1.5961538461538463,0.3801345173357309,8.090909090909092
352,1760,22,0,0,0.5203889012590729,0.12730358102588318,0.286367409927745,226.7787006103611,1.0,1.6545454545454545,0.3900637541380563,8.090909090909092
353,1765,21,0,1,0.4756263644333719,0.12640335431296554,0.23364875733043372,238.82107876619762,1.0,1.6923076923076923,0.4639291460312872,8.19047619047619
354,1770,24,3,0,0.5345448574622008,0.16087438284710603,0.21863188276749584,239.7289849011238,1.0,2.2962962962962963,0.3810588208665599,8.291666666666666
355,1775,24,1,1,0.4932066159298023,0.0977061856703947,0.13838372650682557,254.40953346256953,1.0,1.7627118644067796,0.3627868313310027,8.208333333333334
356,1780,24,0,0,0.4643131105008747,0.12504114312793857,0.1637970422862482,248.5566623933668,1.0,1.9166666666666667,0.32131814337776116,8.208333333333334
357,1785,24,0,0,0.45772132125150944,0.11015239222816009,0.200899097981239,240.75487706889587,1.0,2.1333333333333333,0.35496605291187416,8.208333333333334
358,1790,24,0,0,0.5005167902585256,0.09745893152332928,0.21422405925744054,241.7405416047869,1.0,2.0,0.34669976142559805,8.208333333333334
359,1795,23,0,1,0.5107453021161731,0.10895068012169543,0.21990022554886451,243.67366445416405,1.0,1.894736842105263,0.35652851041340994,8.043478260869565
360,1800,22,0,1,0.5603810069546504,0.12603789932929838,0.21328656153881342,247.73670571933448,1.0,1.9636363636363636,0.4113925926225746,7.954545454545454
361,1805,22,0,0,0.4977311775475353,0.1395500771857007,0.22699395709129133,245.8317130718095,1.0,1.7636363636363637,0.4296998176742981,7.954545454545454
362,1810,22,1,1,0.5078734678245201,0.0927458739751055,0.1917235202817716,242.62358545881472,1.0,2.2,0.3805979816608645,7.909090909090909
363,1815,23,1,0,0.4751419577184548,0.11233159618903373,0.19286406574335094,249.30120911372083,1.0,1.7454545454545454,0.38343574864201796,7.956521739130435
364,1820,25,2,0,0.5363335342872001,0.14348098217928487,0.18314658367888054,246.2003547788252,1.0,2.0344827586206895,0.3473856209983275,7.96
365,1825,24,0,1,0.517873522304442,0.10256252143301892,0.1624555777624522,236.39040560155507,1.0,1.7666666666666666,0.3106827290797202,7.875
366,1830,24,0,0,0.5374271211710515,0.1135568603709953,0.177368073059213,227.49255992282488,1.0,2.05,0.33433862808787,7.875
367,1835,24,0,0,0.513015531298394,0.0843013594461148,0.20271235953741457,228.9124729514476,1.0,2.283333333333333,0.3110009515522691,7.875
368,1840,24,0,0,0.49296971795730604,0.1360175235667713,0.2247856973856576,242.89117609445626,1.0,1.9,0.3516130144259606,7.875
369,1845,24,0,0,0.4995963218132226,0.12612329809464598,0.22667479385394682,230.8487010755075,1.0,1.7333333333333334,0.3175049080529373,7.875
370,1850,25,2,1,0.4572974230582406,0.13530850124780922,0.22686171313351092,237.7174927519021,1.0,2.0,0.41742842266746477,7.92
371,1855,26,2,1,0.4563765090742947,0.1298040497131587,0.20410963208428493,231.44990773936414,1.0,2.15625,0.39042246024076077,8.076923076923077
372,1860,24,0,2,0.5034637864133061,0.1376454167799939,0.18643790258896087,203.64772166043207,1.0,2.0625,0.41490222631867973,8.125
373,1865,24,0,0,0.48630150723463245,0.0924582252446508,0.26415460765536786,205.37709318257504,1.0,2.0833333333333335,0.41078290463655576,8.125
374,1870,23,0,1,0.5163793890315684,0.13202690335608105,0.25236751797843554,204.9487143694136,1.0,1.9642857142857142,0.42074391914452935,8.217391304347826
375,1875,23,0,0,0.488644241916467,0.12018710634898606,0.30253249893990525,204.40277150528522,1.0,1.7636363636363637,0.3781112052667581,8.217391304347826
376,1880,23,0,0,0.4416577796436322,0.14298670531957766,0.3003143952382961,193.80968270423682,1.0,1.690909090909091,0.38559473858904364,8.217391304347826
377,1885,22,0,1,0.49780663883325105,0.12493580185217112,0.33527006915012936,201.8656051337961,1.0,2.0727272727272728,0.3371892381227635,8.181818181818182
378,1890,23,1,0,0.5192528280856902,0.1420454457829698,0.32753448141024505,208.0154404451148,1.0,1.8181818181818181,0.44521623845533903,8.26086956521739
379,1895,22,1,2,0.4853992691074592,0.12106316085134312,0.230501976885394,213.35707164583414,1.0,1.709090909090909,0.36825856407357416,8.363636363636363
380,1900,22,0,0,0.46306115835985706,0.09798901525597552,0.24270741429264492,216.66775156704767,1.0,2.018181818181818,0.325356543486869,8.363636363636363
381,1905,23,1,0,0.459052730758875,0.12652854655429413,0.2557132416220979,221.4039813258737,1.0,2.1454545454545455,0.3213536188910195,8.304347826086957
382,1910,23,0,0,0.46958416767146516,0.1291321208810404,0.3129696018500276,218.3034127036591,1.0,1.9090909090909092,0.3604953449250705,8.304347826086957
383,1915,24,2,1,0.5149649715657746,0.11696985009144992,0.22038611687004925,215.1336573112343,1.0,1.9491525423728813,0.36260646486185505,8.125
384,1920,24,0,0,0.49316348511455876,0.12208004992473444,0.25353538713214996,216.64778011193962,1.0,1.7,0.3680282305939179,8.125
385,1925,24,0,0,0.4831280155606302,0.08834838290327685,0.23755928428014933,212.3962340353008,1.0,1.8,0.34883940146636105,8.125
386,1930,23,0,1,0.5366810472485442,0.10913195606212446,0.2698185934361736,196.12135770277976,1.0,2.169491525423729,0.3503128230675417,8.130434782608695
387,1935,21,0,2,0.4757363297877251,0.1359641645471359,0.2110140191203155,194.4954183178265,1.0,1.8113207547169812,0.3966600433531488,7.9523809523809526
388,1940,22,1,0,0.5018445722855212,0.15963376135803384,0.22076362274908637,200.41754443652675,1.0,1.9019607843137254,0.36815141424257475,7.954545454545454
389,1945,22,0,0,0.5011391529400832,0.0872169041629918,0.21379982212180296,201.81170615872747,1.0,2.2545454545454544,0.38878917801855634,7.954545454545454
390,1950,22,0,0,0.4689499422061173,0.12587529033625094,0.23957576064757682,202.90365036147955,1.0,1.6545454545454545,0.422466447538626,7.954545454545454
391,1955,22,0,0,0.4976654058096534,0.13997368430008353,0.27945774308328447,200.50053367519422,1.0,1.8,0.46749476294583925,7.954545454545454
