arm,seed,updates,reward,agreement_rate,rounds_to_agreement,gini,eval_reward,eval_agreement,eval_rounds
mlp_blind,1,96,60.305891342993235,1.0,1.919380121364123,0.03196313400324983,60.40231608464109,1.0,1.846
mlp_blind,3,96,60.25258471536235,1.0,1.9513578241251497,0.03218148758255038,60.623975185527115,1.0,1.744
mlp_blind,2,96,60.107224550243984,1.0,1.9618960196841484,0.03216657012548135,60.41673288311878,1.0,1.852
mlp_blind,0,96,60.25336869064896,1.0,1.924823845258573,0.03204949422251566,60.47765212623795,1.0,1.78
mlp_blind,4,96,60.05260633405707,1.0,1.9915227985557826,0.03203539081753326,60.09234800151522,1.0,1.934
gru_blind,2,96,60.20905658260433,1.0,1.9171761998855015,0.031306044046994205,60.92476980477508,1.0,1.652
gru_blind,0,96,60.47309491695289,1.0,1.9006206390311147,0.031213708769937176,60.39287358866543,1.0,1.868
gru_blind,1,96,60.22989221115411,1.0,1.9465818061716988,0.03190954023905594,60.660382733846085,1.0,1.76
gru_blind,3,96,60.282627674510096,1.0,1.9449268444474583,0.03205498258393259,60.259246206599244,1.0,1.9
gru_blind,4,96,60.29117202998382,1.0,1.907423202975244,0.031934740430628585,60.71953491416487,1.0,1.726
